Domain	Kingdom	Phylum	Class	Order	Family	Genus	Species	1-MDcol002-5-2	11-MDCol002-label-12-on-bottle	14-MDCOL003-Stool-1B-Baseline-BSB-2-4-1-4	15-MDcol004-3-1-pretreat	17-MDCOL006-3-1A	19-MDCOL006-3-2A	21-MDCOL006-2-pre-chemo-A	23-MDcol033-1A	25-MDcol036-1A	27-MDcol025-1B	28-7A-1-1	29-7A	3-MDcol002-5-1	30-8B	31-8B	33-6-2	36-40-1B	38-S-Swanson	40-MDCol002-7-43	42-51-1B	45-MDCOL005-1B	46-MDCOL015-1a	48-MDCOL039-1a	5-MDCOL055-Stool-1A-Baseline-BSB-2-4-1-2	50-MDCOL027-1a	52-MDCOL021-1b	54-MDCOL028-1b	60-MDcol006-4-1A	63-MDcol003-3-2	65-MDCOL003-Post-Chemo-Collection-Cycle-1-A	66-MDCOL004-1A	68-MDCOL003-3-1-Before-Chemo-2-3A	7-MDCOL058-Stool-1A-Baseline-BSB-2-4-1-3	70-MDCOL004-3-2-Post-Chemo-A	72-MDCOL003-4-1-4A-Before-Chemo-6	75-MDCOL053-1-1-1-Unknown	9-MDCOL062-Stool-1A-Baseline-BSB-2-4-1-3
Bacteria	Bacteria	Bacillota	Erysipelotrichia	Erysipelotrichales	Coprobacillaceae	Catenibacterium	Catenibacterium mitsuokai	0	0	0	0	0	0	5	0	0	0	1	0	0	0	0	0	0	0	0	0	0	0	0	0	0	0	0	0	0	0	0	0	0	0	0	11	5
Bacteria	Bacteria	Bacillota	Erysipelotrichia	Erysipelotrichales	Erysipelotrichaceae	Solobacterium	Solobacterium moorei	0	0	0	0	0	0	0	0	0	0	0	0	0	0	0	0	0	0	0	0	0	0	0	0	0	4	0	0	0	0	0	0	0	0	0	0	0
Bacteria	Bacteria	Bacillota	Clostridia	Eubacteriales	Clostridiaceae	Clostridium	Clostridium sp. SY8519	0	0	0	1	0	0	0	0	0	2	0	0	0	0	1	0	0	0	0	0	0	0	1	0	1	5	0	0	0	3	0	10	0	0	12	4	2
Bacteria	Bacteria	Bacillota	Clostridia	Lachnospirales	Lachnospiraceae	Anaerostipes	Anaerostipes caccae	0	0	0	1	4	0	115	164	37	0	0	0	0	0	0	0	0	0	0	0	66	119	0	0	0	3153	0	71	0	0	0	0	0	0	67	0	11
Bacteria	Bacteria	Bacteroidota	Bacteroidia	Bacteroidales	Barnesiellaceae	Coprobacter	Coprobacter fastidiosus	0	0	0	0	0	0	0	0	0	0	0	0	0	0	0	0	0	0	0	0	2291	0	15	0	588	0	0	0	0	0	0	0	0	0	0	5	0
Bacteria	Bacteria	Bacillota	Clostridia	Peptostreptococcales	Peptostreptococcaceae	Romboutsia	Romboutsia ilealis	0	0	0	0	8	10	8	3	0	0	0	0	0	0	0	4	0	0	0	0	0	35	100	0	60	0	0	0	0	0	0	0	0	0	0	0	0
Bacteria	Bacteria	Bacteroidota	Flavobacteriia	Flavobacteriales	Weeksellaceae	Cruoricaptor	Cruoricaptor ignavus	0	0	0	0	0	0	0	0	0	0	1	0	0	0	0	0	0	0	0	0	0	0	0	0	0	0	0	0	0	0	0	0	0	0	0	0	0
Bacteria	Bacteria	Bacillota	Bacilli	Lactobacillales	Streptococcaceae	Streptococcus	Streptococcus australis	0	0	0	0	0	0	0	0	0	0	0	0	0	0	0	0	0	0	0	0	0	0	0	0	0	33	0	0	0	0	0	0	0	0	0	76	0
Bacteria	Bacteria	Pseudomonadota	Gammaproteobacteria	Enterobacterales	Enterobacteriaceae	Klebsiella	Klebsiella michiganensis	0	0	0	0	0	0	0	0	0	0	0	0	0	0	0	0	0	0	0	0	0	0	0	0	0	0	0	0	0	27	0	0	0	0	0	0	0
Bacteria	Bacteria	Bacillota	Clostridia	Peptostreptococcales	Anaerovoracaceae	Mogibacterium	Mogibacterium diversum	0	2	0	0	0	0	0	0	0	0	0	0	0	0	0	0	0	3	1	0	0	35	1	0	0	256	0	0	0	0	0	0	0	0	0	0	0
Bacteria	Bacteria	Bacillota	Clostridia	Eubacteriales	Clostridiaceae	Clostridium	Clostridium sp. C1	16	0	0	2	83	34	186	0	1	1	3	0	11	1	1	58	4	1555	15	22	2	159	0	10	93	0	7	173	0	0	0	0	10	0	0	0	1
Bacteria	Bacteria	Bacillota	Bacilli	Lactobacillales	Streptococcaceae	Streptococcus	Streptococcus ilei	0	0	0	0	0	0	0	0	0	39	0	0	0	0	0	0	0	0	0	0	0	0	27	0	0	0	0	0	0	0	0	0	0	0	0	40	0
Bacteria	Bacteria	Bacillota	Bacilli	Lactobacillales	Lactobacillaceae	Leuconostoc	Leuconostoc gasicomitatum	0	1	0	0	0	0	0	0	0	0	0	0	0	0	0	0	0	0	0	0	0	1	0	0	0	0	0	0	0	0	0	0	0	0	0	0	0
Bacteria	Bacteria	Bacillota	Clostridia	Eubacteriales	Oscillospiraceae	Ruminococcus	Ruminococcus bicirculans (ex Wegman et al. 2014)	837	1544	0	0	0	0	0	0	0	1542	1187	1627	1158	537	1091	827	585	43	1579	216	0	0	1	1	1533	0	0	4	0	0	0	0	1227	0	0	0	0
Bacteria	Bacteria	Bacillota	Clostridia	Lachnospirales	Lachnospiraceae	Coprococcus	Coprococcus catus	402	227	1546	1762	0	1	0	13	0	187	119	37	154	43	1931	330	444	2	310	28	1	0	1239	57	617	1	0	0	1	291	0	177	19	0	498	214	11
Bacteria	Bacteria	Bacillota	Clostridia	Eubacteriales	Oscillospiraceae	Ruminococcus	Ruminococcus champanellensis	1	3	0	12	0	0	0	0	0	2	0	2	1	3	2	2	5	0	4	0	0	0	1	1	3	2	0	0	0	0	0	0	2	0	0	1	0
Bacteria	Bacteria	Synergistota	Synergistia	Synergistales	Synergistaceae	Cloacibacillus	Cloacibacillus porcorum	0	0	0	0	0	0	0	0	0	0	0	0	0	0	0	0	0	0	0	0	0	0	0	0	0	0	0	0	0	0	0	0	0	0	0	10	0
Bacteria	Bacteria	Bacteroidota	Bacteroidia	Bacteroidales	Tannerellaceae	Parabacteroides	Parabacteroides faecis	0	0	0	0	0	0	0	0	0	0	0	0	0	0	0	0	0	0	0	0	0	0	3	0	0	0	0	0	0	0	0	0	0	0	0	3	0
Bacteria	Bacteria	Bacillota	Clostridia	Lachnospirales	Lachnospiraceae	Anaerostipes	Anaerostipes rhamnosivorans	0	0	0	0	0	0	0	0	5	0	0	0	0	0	0	0	0	0	0	0	0	0	0	0	0	0	0	0	0	0	0	0	0	0	0	0	0
Bacteria	Bacteria	Bacillota	Negativicutes	Veillonellales	Veillonellaceae	Megasphaera	Megasphaera massiliensis	0	0	0	0	0	0	0	0	0	0	0	0	0	0	0	0	0	0	0	0	0	0	0	0	0	0	0	0	0	0	0	0	0	0	0	98	0
Bacteria	Bacteria	Bacillota	Bacilli	Lactobacillales	Streptococcaceae	Streptococcus	Streptococcus rubneri	0	0	0	0	0	0	0	0	0	0	0	0	0	0	0	0	0	0	0	0	0	0	0	0	0	23	0	0	0	0	0	0	0	0	0	0	0
Bacteria	Bacteria	Bacillota	Bacilli	Lactobacillales	Lactobacillaceae	Leuconostoc	Leuconostoc gelidum	0	0	0	0	0	0	0	0	0	0	0	0	0	0	0	0	0	0	0	0	0	0	0	0	0	0	1	0	0	0	0	0	0	0	0	0	0
Bacteria	Bacteria	Bacillota	Bacilli	Lactobacillales	Lactobacillaceae	Leuconostoc	Leuconostoc mesenteroides	0	3	0	0	0	0	0	0	0	5	0	0	0	0	0	1	5	0	0	0	0	0	0	0	0	0	33	0	0	0	0	0	0	0	0	0	0
Bacteria	Bacteria	Bacillota	Bacilli	Lactobacillales	Lactobacillaceae	Leuconostoc	Leuconostoc carnosum	0	0	0	0	0	0	0	0	0	0	0	0	0	0	0	0	0	0	0	0	0	2	0	0	0	0	0	0	0	0	0	0	0	0	0	0	0
Bacteria	Bacteria	Bacillota	Bacilli	Lactobacillales	Lactobacillaceae	Pediococcus	Pediococcus acidilactici	0	0	0	0	518	491	35	0	0	0	0	0	0	0	0	0	0	0	0	0	0	0	0	0	0	0	0	0	0	0	0	0	0	0	0	0	0
Bacteria	Bacteria	Bacillota	Bacilli	Lactobacillales	Lactobacillaceae	Pediococcus	Pediococcus pentosaceus	0	0	0	0	0	0	0	0	0	0	0	0	0	0	0	15	0	0	0	0	0	0	0	0	0	36	0	0	0	0	0	0	0	0	0	0	0
Bacteria	Bacteria	Bacillota	Tissierellia	Tissierellales	Peptoniphilaceae	Finegoldia	Finegoldia magna	0	0	0	0	0	0	12	0	0	0	0	0	0	0	0	0	0	0	0	0	0	0	0	0	0	632	0	0	0	0	0	0	0	0	0	0	0
Bacteria	Bacteria	Bacillota	Clostridia	Lachnospirales	Lachnospiraceae	Roseburia	Roseburia sp. 499	1	0	2	0	0	0	0	0	0	0	0	4	1	2	1	1	0	1	1	2	0	0	0	2	0	0	0	0	0	1	0	1	1	0	0	0	0
Bacteria	Bacteria	Bacillota	Clostridia	Lachnospirales	Lachnospiraceae	Roseburia	Roseburia sp. 831b	0	0	2	0	0	0	7	0	0	0	0	0	0	0	0	0	0	0	0	0	1	0	0	0	1	0	0	0	0	4	0	6	0	0	0	1	0
Bacteria	Bacteria	Bacillota	Bacilli	Bacillales	Staphylococcaceae	Staphylococcus	Staphylococcus epidermidis	0	0	0	0	0	0	0	0	0	0	0	0	0	0	0	0	0	0	0	0	2092	0	0	0	0	0	0	0	0	0	0	0	0	0	0	0	0
Bacteria	Bacteria	Bacteroidota	Bacteroidia	Bacteroidales	Rikenellaceae	Alistipes	Alistipes senegalensis	0	0	0	1	0	0	0	0	0	1	1	1	1	3	2	2	0	0	0	0	0	0	33	0	8	0	0	0	0	0	0	0	0	0	0	642	39
Bacteria	Bacteria	Bacillota	Bacilli	Bacillales	Staphylococcaceae	Staphylococcus	Staphylococcus hominis	0	0	0	0	0	0	0	0	0	0	0	0	0	0	0	0	0	0	0	0	54	0	0	0	0	0	0	0	0	0	0	0	0	0	0	0	0
Bacteria	Bacteria	Bacillota	Clostridia	Eubacteriales	containing Intestinimonas	Intestinimonas	Intestinimonas butyriciproducens	6	9	4	48	4	3	9	12	1	11	8	10	10	5	10	3	7	9	2	5	0	2	25	6	26	0	0	393	1	4	5	2	2	3	0	8	26
Bacteria	Bacteria	Bacillota	Bacilli	Lactobacillales	Streptococcaceae	Streptococcus	Streptococcus gordonii	0	0	0	0	0	0	0	0	0	14	0	0	0	0	0	0	0	0	0	0	0	0	0	0	24	450	0	0	0	0	0	4	0	0	0	3	0
Bacteria	Bacteria	Bacillota	Bacilli	Lactobacillales	Streptococcaceae	Streptococcus	Streptococcus oralis	0	0	0	0	0	0	0	0	0	0	0	0	0	0	0	0	0	0	0	0	32	0	0	0	0	15	0	0	0	0	0	0	0	0	0	0	0
Bacteria	Bacteria	Bacillota	Bacilli	Lactobacillales	Streptococcaceae	Streptococcus	Streptococcus salivarius	22	0	1931	0	0	0	93	276	0	1309	0	0	0	0	20	112	0	39	147	0	69	47	972	0	377	194	0	0	358	2449	0	1484	0	0	110	998	0
Bacteria	Bacteria	Bacillota	Bacilli	Lactobacillales	Streptococcaceae	Streptococcus	Streptococcus sanguinis	0	0	0	0	0	0	0	0	0	0	0	0	0	0	0	0	0	0	0	0	0	0	0	0	0	0	0	0	0	0	0	0	0	0	0	45	0
Bacteria	Bacteria	Bacillota	Bacilli	Lactobacillales	Streptococcaceae	Streptococcus	Streptococcus suis	6	0	0	0	0	0	0	0	39	0	0	0	0	0	0	0	0	0	6	0	0	4	176	4	0	0	0	0	0	0	0	28	0	0	29	0	0
Bacteria	Bacteria	Bacillota	Bacilli	Lactobacillales	Streptococcaceae	Streptococcus	Streptococcus thermophilus	629	928	147	4	296	1778	380	11	20	114	10	0	301	3	143	0	946	81	206	22	373	117	1315	12	0	1784	18	993	14	1902	0	2514	8	0	54	566	1
Bacteria	Bacteria	Bacillota	Bacilli	Lactobacillales	Streptococcaceae	Streptococcus	Streptococcus mutans	40	8	965	0	58	520	340	0	0	0	0	0	18	0	8	76	2	4	0	0	0	0	0	0	0	41	0	9	0	159	0	0	0	0	0	25	0
Bacteria	Bacteria	Bacillota	Bacilli	Lactobacillales	Streptococcaceae	Streptococcus	Streptococcus sobrinus	0	0	354	0	0	0	0	0	0	0	0	0	0	0	0	0	0	0	0	0	0	0	0	0	0	0	0	0	0	162	0	3	0	0	0	0	0
Bacteria	Bacteria	Bacillota	Bacilli	Lactobacillales	Streptococcaceae	Streptococcus	Streptococcus agalactiae	0	0	0	0	0	0	0	0	0	0	0	0	0	0	142	0	0	0	0	0	0	0	0	0	0	232	0	0	0	0	0	0	0	0	0	0	0
Bacteria	Bacteria	Actinomycetota	Actinomycetes	Actinomycetales	Actinomycetaceae	Schaalia	Schaalia turicensis	0	0	0	0	0	0	9	0	0	0	0	0	0	0	0	0	0	0	0	0	0	0	0	0	0	0	0	0	0	0	0	0	0	0	0	0	0
Bacteria	Bacteria	Bacillota	Bacilli	Lactobacillales	Streptococcaceae	Streptococcus	Streptococcus pneumoniae	8	24	0	0	0	0	7	0	0	0	24	7	34	5	47	37	14	55	15	0	109	0	0	6	0	0	0	0	0	0	0	0	0	0	0	0	10
Bacteria	Bacteria	Bacillota	Bacilli	Lactobacillales	Streptococcaceae	Streptococcus	Streptococcus sp. HSISS2	0	0	45	0	0	0	0	0	0	0	0	0	0	0	0	0	0	0	0	0	0	0	0	0	209	0	0	0	0	67	0	0	0	0	25	0	0
Bacteria	Bacteria	Bacillota	Bacilli	Lactobacillales	Streptococcaceae	Streptococcus	Streptococcus sp. HSISS3	0	0	184	0	0	0	0	0	0	0	0	0	0	0	0	0	0	0	0	0	0	0	0	0	546	0	0	0	0	23	0	54	0	0	237	0	0
Bacteria	Bacteria	Bacillota	Bacilli	Lactobacillales	Streptococcaceae	Streptococcus	Streptococcus parasanguinis	0	0	269	0	0	9	0	15	0	1388	0	0	0	0	0	0	0	0	0	0	0	0	251	0	0	2084	0	0	0	445	0	144	0	0	30	1233	0
Bacteria	Bacteria	Bacillota	Clostridia	Lachnospirales	Lachnospiraceae	Blautia	Blautia hansenii	0	0	0	1	0	0	0	3	0	3	0	0	1	0	1	0	0	3	0	0	0	399	3089	0	3	0	0	0	1	5	0	8	0	0	3	0	0
Bacteria	Bacteria	Bacillota	Bacilli	Lactobacillales	Streptococcaceae	Streptococcus	Streptococcus anginosus	0	0	33	0	0	0	12	0	0	0	0	0	0	0	0	0	0	0	0	0	383	0	0	0	21	929	0	0	0	0	0	0	0	0	0	0	0
Bacteria	Bacteria	Bacillota	Bacilli	Lactobacillales	Streptococcaceae	Streptococcus	Streptococcus equinus	0	0	0	0	0	0	0	0	0	0	0	0	0	0	0	0	0	12	0	0	0	0	0	0	0	0	0	0	0	0	0	0	0	0	0	0	0
Bacteria	Bacteria	Actinomycetota	Coriobacteriia	Eggerthellales	Eggerthellaceae	Gordonibacter	Gordonibacter urolithinfaciens	1	6	0	1	0	0	0	0	0	6	0	0	5	0	0	0	4	0	10	0	35	0	2	1	10	250	0	0	0	0	0	0	3	0	0	0	30
Bacteria	Bacteria	Bacillota	Bacilli	Lactobacillales	Streptococcaceae	Streptococcus	Streptococcus equi	0	0	0	0	0	0	0	0	0	0	0	0	0	0	0	0	0	0	0	0	0	0	0	0	0	0	0	0	0	0	0	3	0	0	0	0	0
Bacteria	Bacteria	Bacillota	Bacilli	Lactobacillales	Streptococcaceae	Streptococcus	Streptococcus intermedius	0	0	0	0	0	0	0	0	14	0	0	0	0	0	0	0	0	0	0	0	46	0	0	0	0	6	0	0	0	0	0	0	0	0	0	0	0
Bacteria	Bacteria	Bacillota	Bacilli	Lactobacillales	Streptococcaceae	Streptococcus	Streptococcus vestibularis	0	0	865	0	0	0	0	0	0	0	0	0	0	0	12	162	6	0	26	0	326	0	0	5	36	336	0	0	0	820	0	0	9	0	0	0	0
Bacteria	Bacteria	Bacillota	Bacilli	Lactobacillales	Enterococcaceae	Enterococcus	Enterococcus faecalis	0	0	8	0	498	734	1604	0	0	0	0	0	0	0	0	0	0	0	0	2	0	0	0	0	0	513	1570	8	0	0	0	0	0	0	0	317	0
Bacteria	Bacteria	Bacillota	Bacilli	Lactobacillales	Enterococcaceae	Enterococcus	Enterococcus faecium	0	3	1319	5	179	132	13	21	9	24	0	22	7	5	0	0	39	15	0	0	6	0	25	10	31	168	0	13	0	2053	3	1592	20	57	9	18	7
Bacteria	Bacteria	Bacillota	Bacilli	Lactobacillales	Enterococcaceae	Enterococcus	Enterococcus gallinarum	0	0	120	0	118	0	520	0	0	0	0	0	0	0	0	0	0	0	0	0	0	0	0	0	0	0	0	0	101	1469	0	42	0	0	13	0	0
Bacteria	Bacteria	Bacillota	Bacilli	Lactobacillales	Enterococcaceae	Enterococcus	Enterococcus hirae	0	0	0	0	0	0	0	0	0	0	0	0	0	0	0	0	0	0	0	0	0	0	0	0	0	0	0	0	0	0	0	368	0	0	0	0	0
Bacteria	Bacteria	Bacillota	Bacilli	Lactobacillales	Streptococcaceae	Lactococcus	Lactococcus lactis	1	56	1746	0	0	0	162	0	11	0	93	19	4	0	2	67	0	30	0	0	2528	0	4	0	0	0	4	0	1146	12	0	0	0	0	1180	0	0
Bacteria	Bacteria	Bacillota	Bacilli	Lactobacillales	Streptococcaceae	Lactococcus	Lactococcus cremoris	0	0	34	5	0	0	0	0	0	0	0	0	4	0	14	0	0	98	7	0	13	0	16	0	0	22	0	0	353	0	0	0	0	0	941	4	0
Bacteria	Bacteria	Bacillota	Bacilli	Lactobacillales	Streptococcaceae	Lactococcus	Lactococcus garvieae	0	0	0	0	0	0	0	0	0	0	0	0	0	0	0	0	0	0	0	0	33	0	0	0	0	0	0	0	0	0	0	0	0	0	0	0	0
Bacteria	Bacteria	Bacillota	Bacilli	Lactobacillales	Lactobacillaceae	Weissella	Weissella cibaria	0	0	0	0	0	0	0	0	0	0	0	0	0	0	0	0	0	0	0	0	15	0	18	0	0	2	0	0	0	0	0	0	0	0	0	0	0
Bacteria	Bacteria	Actinomycetota	Coriobacteriia	Coriobacteriales	Atopobiaceae	Lancefieldella	Lancefieldella parvula	0	0	0	0	0	0	0	0	0	0	0	0	0	0	0	0	0	0	0	0	2	0	0	0	0	0	0	0	0	0	0	0	0	0	0	1	0
Bacteria	Bacteria	Bacillota	Bacilli	Bacillales	Bacillaceae	Amphibacillus	Amphibacillus xylanus	0	0	0	0	0	0	6	0	0	0	0	0	0	0	0	0	0	0	0	0	0	0	0	0	0	0	0	0	0	0	0	0	0	0	0	0	0
Bacteria	Bacteria	Actinomycetota	Actinomycetes	Bifidobacteriales	Bifidobacteriaceae	Bifidobacterium	Bifidobacterium faecale	0	0	0	32	0	0	0	32	0	31	0	0	0	0	0	0	0	0	0	0	0	0	0	0	0	0	0	0	0	0	0	0	0	0	0	0	0
Bacteria	Bacteria	Pseudomonadota	Gammaproteobacteria	Enterobacterales	Enterobacteriaceae	Klebsiella	Klebsiella quasipneumoniae	0	0	16	0	0	0	0	0	0	0	0	0	0	0	0	0	0	0	0	0	0	0	0	0	0	14	0	0	0	0	0	0	0	0	0	0	0
Bacteria	Bacteria	Bacteroidota	Bacteroidia	Bacteroidales	Rikenellaceae	Alistipes	Alistipes ihumii	0	0	0	465	0	0	0	0	0	0	0	0	0	0	0	0	0	0	0	0	0	0	32	0	991	0	0	0	0	0	0	0	0	0	0	26	476
Bacteria	Bacteria	Actinomycetota	Coriobacteriia	Coriobacteriales	Coriobacteriaceae	Collinsella	Collinsella stercoris	0	0	0	0	0	0	0	405	0	0	0	0	0	0	0	0	0	0	0	0	0	0	0	0	0	0	0	0	0	0	0	0	0	0	0	1	0
Bacteria	Bacteria	Bacteroidota	Bacteroidia	Bacteroidales	Odoribacteraceae	Butyricimonas	Butyricimonas faecihominis	0	0	0	3	0	0	0	0	0	0	0	0	0	0	0	0	0	0	0	0	2	0	0	0	9	0	0	0	0	0	0	0	0	0	0	3898	264
Bacteria	Bacteria	Bacteroidota	Bacteroidia	Bacteroidales	Odoribacteraceae	Butyricimonas	Butyricimonas paravirosa	0	0	0	10	0	0	0	25	0	0	0	0	0	0	0	0	0	0	0	0	0	0	79	0	0	0	0	0	0	0	0	0	0	0	0	0	53
Bacteria	Bacteria	Bacillota	Clostridia	Peptostreptococcales	Peptostreptococcaceae	Paraclostridium	Paraclostridium bifermentans	0	0	0	0	0	0	1	0	0	0	0	0	0	0	0	0	0	0	0	0	0	0	0	0	0	0	0	0	0	0	0	0	0	0	0	0	0
Bacteria	Bacteria	Bacillota	Clostridia	Eubacteriales	Clostridiaceae	Clostridium	Clostridium butyricum	0	0	0	0	0	0	2126	0	0	0	0	0	0	0	0	0	0	0	0	0	0	0	0	0	0	0	0	0	0	0	0	0	0	0	0	0	0
Bacteria	Bacteria	Bacillota	Clostridia	Eubacteriales	Clostridiaceae	Clostridium	Clostridium cellulovorans	0	0	0	3	0	0	0	0	0	0	0	0	0	0	0	0	0	0	0	0	0	0	0	0	0	0	0	1	0	0	3	0	0	0	0	0	0
Bacteria	Bacteria	Bacillota	Clostridia	Eubacteriales	Clostridiaceae	Clostridium	Clostridium cochlearium	0	0	0	0	0	0	1	0	0	0	0	0	0	0	0	0	0	0	0	0	0	0	0	0	0	0	0	0	0	0	0	0	0	0	0	0	0
Bacteria	Bacteria	Bacillota	Clostridia	Peptostreptococcales	Peptostreptococcaceae	Clostridioides	Clostridioides difficile	0	3	29	7	17	9	12	6	6	16	1	4	6	2	5	3	56	5	7	2	3	2722	26	2	78	7	296	9	7	25	4	20	2	124	6	20	14
Bacteria	Bacteria	Bacteroidota	Bacteroidia	Bacteroidales	Barnesiellaceae	Coprobacter	Coprobacter secundus	0	0	0	1	0	0	0	0	0	2	0	0	0	0	0	0	0	0	0	0	12	0	0	0	0	0	0	0	0	0	0	0	0	1	0	0	1
Bacteria	Bacteria	Bacillota	Bacilli	Lactobacillales	Streptococcaceae	Streptococcus	Streptococcus parasuis	0	0	6	5	0	0	0	0	0	0	0	0	0	0	0	0	0	0	0	0	0	0	0	0	0	0	0	0	0	0	0	0	0	0	0	0	0
Bacteria	Bacteria	Bacillota	Clostridia	Eubacteriales	Clostridiaceae	Clostridium	Clostridium perfringens	1	1	2015	0	8	0	5	0	0	1	3	0	0	0	0	0	0	0	0	0	0	2	1	3	5	23	0	0	0	15	0	0	1	0	1	4	0
Bacteria	Bacteria	Bacillota	Clostridia	Eubacteriales	Clostridiaceae	Clostridium	Clostridium septicum	0	0	0	0	0	0	0	0	0	0	0	0	0	0	0	0	0	0	0	0	1	0	0	0	0	0	0	0	0	0	0	0	0	0	0	0	0
Bacteria	Bacteria	Bacillota	Clostridia	Lachnospirales	Lachnospiraceae	Lachnoclostridium	[Clostridium] symbiosum	60	412	1	4	2	15	57	9	688	24	10	4	89	3	35	17	95	2662	1316	4183	231	471	0	214	0	6	3244	4611	0	0	23	0	87	3	1	0	54
Bacteria	Bacteria	Bacillota	Bacilli	Lactobacillales	Lactobacillaceae	Lentilactobacillus	Lentilactobacillus parabuchneri	0	0	0	0	1	0	0	0	0	0	0	0	0	0	0	0	0	0	0	0	0	0	0	0	0	0	0	0	0	0	0	0	0	0	0	0	0
Bacteria	Bacteria	Bacillota	Clostridia	Eubacteriales	Clostridiaceae	Clostridium	Clostridium cadaveris	0	1	0	1	0	0	0	1	0	0	1	0	0	0	0	2	0	1	1	0	0	1	17	0	2	0	0	0	0	0	0	0	0	0	0	1	0
Bacteria	Bacteria	Bacillota	Clostridia	Lachnospirales	Lachnospiraceae	Enterocloster	Enterocloster clostridioformis	2227	2568	346	2	1	10	7	505	1545	1	409	174	4714	59	1562	1939	3162	533	873	1643	14	2314	1	3137	1	3	148	22	0	219	0	254	981	0	189	4	0
Bacteria	Bacteria	Bacillota	Clostridia	Lachnospirales	Lachnospiraceae	Blautia	Blautia coccoides	9	84	0	0	195	65	3000	16	86	0	10	0	53	0	13	50	24	12	220	0	37	47	20	5	0	287	0	3367	31	43	0	206	5	0	248	80	0
Bacteria	Bacteria	Bacillota	Clostridia	Lachnospirales	Lachnospiraceae	Hungatella	Hungatella hathewayi	5	16	0	108	0	2	0	10	392	30	3	0	275	1	5	2	11	40	10	107	13	222	17	2	5	7	0	3	0	0	1	0	1	4	4	0	71
Bacteria	Bacteria	Bacillota	Erysipelotrichia	Erysipelotrichales	Turicibacteraceae	Turicibacter	Turicibacter sanguinis	1	17	0	0	100	0	8	0	0	0	223	83	2	2	76	9	2	0	4	2	37	2439	0	0	0	22	0	0	0	0	0	0	0	0	0	0	0
Bacteria	Bacteria	Bacillota	Erysipelotrichia	Erysipelotrichales	Coprobacillaceae	Thomasclavelia	Thomasclavelia ramosa	0	0	0	2	3177	2382	3165	1469	3211	0	0	0	10	0	1	0	5	46	1	778	764	3536	3	0	6	3289	2780	16	0	1	1	7	1	0	1943	2	3248
Bacteria	Bacteria	Bacillota	Clostridia	Eubacteriales	Oscillospiraceae	Ruthenibacterium	Ruthenibacterium lactatiformans	42	3155	0	2126	166	210	1966	44	396	50	120	50	164	19	371	32	75	1232	2042	128	113	3057	223	70	90	131	0	2851	0	0	65	0	147	23	0	83	662
Bacteria	Bacteria	Pseudomonadota	Gammaproteobacteria	Enterobacterales	Enterobacteriaceae	Citrobacter	Citrobacter pasteurii	0	0	0	0	0	0	0	0	0	0	0	0	0	0	0	0	0	0	0	0	125	0	0	0	0	0	0	0	0	0	0	0	0	0	0	0	0
Bacteria	Bacteria	Bacillota	Bacilli	Lactobacillales	Lactobacillaceae	Levilactobacillus	Levilactobacillus brevis	0	0	0	0	0	0	0	0	0	0	0	0	0	0	0	0	0	0	0	0	0	0	0	0	0	0	0	0	0	0	0	0	0	0	19	0	0
Bacteria	Bacteria	Bacillota	Bacilli	Lactobacillales	Lactobacillaceae	Lactobacillus	Lactobacillus delbrueckii	0	0	0	0	0	0	0	0	0	0	0	0	0	0	0	0	0	0	0	0	2370	0	0	0	0	0	0	0	0	0	0	31	0	0	0	0	0
Bacteria	Bacteria	Bacillota	Bacilli	Lactobacillales	Lactobacillaceae	Lactobacillus	Lactobacillus helveticus	0	0	0	0	0	0	0	0	0	0	0	0	0	0	0	0	0	0	0	0	6	0	0	0	0	3	0	0	0	0	0	0	0	0	0	0	0
Bacteria	Bacteria	Actinomycetota	Actinomycetes	Bifidobacteriales	Bifidobacteriaceae	Bifidobacterium	Bifidobacterium scardovii	0	0	794	0	0	0	0	0	0	0	0	0	0	0	0	0	0	0	0	0	1752	0	0	0	0	84	0	0	0	35	0	7	0	0	0	0	0
Bacteria	Bacteria	Pseudomonadota	Gammaproteobacteria	Enterobacterales	Enterobacteriaceae	Enterobacter	Enterobacter hormaechei	0	0	0	0	0	0	91	0	0	0	0	0	0	0	0	0	0	0	0	189	0	0	0	0	0	0	0	0	0	0	0	0	0	0	0	0	0
Bacteria	Bacteria	Bacillota	Bacilli	Lactobacillales	Lactobacillaceae	Lactiplantibacillus	Lactiplantibacillus plantarum	0	3	16	0	0	0	0	0	0	0	0	0	1	0	2	2	3	0	1	0	0	1	0	0	0	0	0	0	0	15	0	12	0	0	4	0	0
Bacteria	Bacteria	Bacillota	Bacilli	Lactobacillales	Lactobacillaceae	Lactobacillus	Lactobacillus gasseri	0	0	218	0	0	0	0	0	0	0	0	0	0	0	0	0	0	0	0	0	0	0	0	0	0	1626	0	0	0	2086	0	0	0	0	0	0	0
Bacteria	Bacteria	Bacillota	Bacilli	Lactobacillales	Lactobacillaceae	Lacticaseibacillus	Lacticaseibacillus paracasei	0	7	1	0	3165	1020	194	0	0	0	0	0	0	0	0	0	19	0	1536	0	61	127	109	0	0	425	0	0	0	9	0	0	0	0	0	23	0
Bacteria	Bacteria	Bacillota	Bacilli	Lactobacillales	Lactobacillaceae	Limosilactobacillus	Limosilactobacillus reuteri	0	0	0	0	0	0	0	0	0	0	0	0	0	0	0	0	0	0	0	0	0	0	0	0	0	0	0	0	0	0	0	0	0	0	1	0	0
Bacteria	Bacteria	Bacillota	Bacilli	Lactobacillales	Lactobacillaceae	Latilactobacillus	Latilactobacillus sakei	0	0	0	0	0	0	0	0	0	0	0	0	0	0	0	4	0	0	0	0	0	0	0	1	0	0	0	0	0	0	0	0	0	0	0	0	0
Bacteria	Bacteria	Bacillota	Bacilli	Lactobacillales	Lactobacillaceae	Limosilactobacillus	Limosilactobacillus fermentum	0	0	2282	0	0	0	0	0	0	0	0	0	0	0	0	0	0	43	0	12	461	0	0	0	141	0	0	0	0	1596	0	19	0	0	0	0	0
Bacteria	Bacteria	Spirochaetota	Spirochaetia	Spirochaetales	Treponemataceae	Treponema	Treponema phagedenis	0	0	0	0	0	0	0	2	0	0	0	0	0	0	0	0	0	0	0	0	0	0	0	0	0	0	0	0	0	0	0	0	0	0	0	0	0
Bacteria	Bacteria	Bacillota	Clostridia	Eubacteriales	Oscillospiraceae	Subdoligranulum	uncultured Bacteroides sp.	0	0	0	0	0	0	0	0	0	1	0	0	0	0	0	0	0	0	0	0	0	0	0	0	0	0	0	0	0	0	0	0	0	0	0	0	0
Bacteria	Bacteria	Bacillota	Bacilli	Lactobacillales	Lactobacillaceae	Ligilactobacillus	Ligilactobacillus murinus	0	0	0	0	0	0	0	0	0	0	0	0	0	0	0	0	0	0	0	0	0	0	4	3	0	0	0	0	0	0	0	1	0	0	0	0	0
Bacteria	Bacteria	Bacillota	Bacilli	Lactobacillales	Lactobacillaceae	Ligilactobacillus	Ligilactobacillus ruminis	0	0	0	1441	0	0	0	0	0	0	0	0	0	0	0	3	0	0	0	0	1	0	0	0	0	0	0	0	0	0	0	0	0	0	0	0	1
Bacteria	Bacteria	Bacillota	Bacilli	Lactobacillales	Lactobacillaceae	Ligilactobacillus	Ligilactobacillus salivarius	0	0	1963	0	0	0	0	0	0	0	0	0	0	0	0	0	0	0	0	0	1	0	0	0	8	0	0	0	0	1874	0	97	0	0	3	0	0
Bacteria	Bacteria	Bacillota	Bacilli	Lactobacillales	Lactobacillaceae	Limosilactobacillus	Limosilactobacillus oris	0	0	12	0	0	0	0	0	0	0	0	0	0	0	0	0	0	0	0	0	0	0	0	0	0	0	0	0	0	49	0	0	0	0	0	0	0
Bacteria	Bacteria	Bacillota	Bacilli	Lactobacillales	Lactobacillaceae	Limosilactobacillus	Limosilactobacillus vaginalis	0	0	1	0	0	0	0	0	0	0	0	0	0	0	0	0	0	0	0	0	9	0	0	0	0	0	0	0	0	7	0	0	0	0	0	0	0
Bacteria	Bacteria	Pseudomonadota	Gammaproteobacteria	Enterobacterales	Enterobacteriaceae	Citrobacter	Citrobacter portucalensis	0	0	206	0	0	0	59	0	0	0	0	0	0	0	0	0	0	0	0	0	0	0	0	0	0	0	0	0	0	60	0	173	0	0	0	0	0
Bacteria	Bacteria	Bacteroidota	Bacteroidia	Bacteroidales	Prevotellaceae	Segatella	Segatella copri	0	0	0	19	0	0	0	1	0	4	0	0	0	0	0	0	0	0	0	0	0	0	0	0	8	0	0	0	0	0	15	0	0	0	0	198	537
Bacteria	Bacteria	Bacillota	Clostridia	Lachnospirales	Lachnospiraceae	Sellimonas	Sellimonas intestinalis	575	1732	0	0	0	0	0	258	0	0	1	2	36	1	0	2	32	0	85	209	21	74	54	88	0	14	0	0	2926	1350	0	2856	162	0	602	0	0
Bacteria	Bacteria	Actinomycetota	Actinomycetes	Actinomycetales	Actinomycetaceae	Actinomyces	Actinomyces israelii	0	0	13	0	0	0	0	0	0	0	0	0	0	0	0	0	0	0	0	0	0	0	0	0	0	0	0	0	0	0	0	0	0	0	0	0	0
Bacteria	Bacteria	Actinomycetota	Actinomycetes	Actinomycetales	Actinomycetaceae	Schaalia	Schaalia odontolytica	0	0	0	0	0	23	1	6	0	0	0	0	0	0	0	0	0	0	0	0	0	31	2	0	0	5	0	0	0	0	0	0	0	0	0	16	0
Bacteria	Bacteria	Bacillota	Clostridia	Lachnospirales	Lachnospiraceae	Roseburia	Roseburia intestinalis	157	31	0	142	3	12	8	3249	279	1496	62	37	19	61	148	109	14	2786	1247	86	31	106	2540	168	334	1	0	89	0	8	0	2625	25	0	49	168	43
Bacteria	Bacteria	Actinomycetota	Actinomycetes	Bifidobacteriales	Bifidobacteriaceae	Bifidobacterium	Bifidobacterium adolescentis	0	0	0	1236	0	0	0	1996	0	1348	0	1	0	2	1	0	0	1	0	0	12	0	8	0	992	0	13	0	0	0	0	0	0	0	0	1363	31
Bacteria	Bacteria	Actinomycetota	Actinomycetes	Bifidobacteriales	Bifidobacteriaceae	Bifidobacterium	Bifidobacterium bifidum	0	0	0	0	0	0	0	0	0	18	0	0	0	0	0	0	0	0	0	0	0	0	0	0	41	0	0	0	0	0	1	0	0	0	0	0	0
Bacteria	Bacteria	Bacillota	Clostridia	Lachnospirales	Lachnospiraceae	Marvinbryantia	Marvinbryantia formatexigens	0	0	0	0	0	0	0	0	0	0	0	0	0	0	0	0	0	0	0	0	0	1392	0	0	0	0	0	0	0	1	0	0	0	0	0	0	1
Bacteria	Bacteria	Actinomycetota	Actinomycetes	Bifidobacteriales	Bifidobacteriaceae	Bifidobacterium	Bifidobacterium breve	0	0	0	2	240	115	66	0	0	17	0	0	0	0	0	0	2	1	0	0	0	1	2	0	80	0	6	1	0	0	0	0	0	0	0	21	0
Bacteria	Bacteria	Actinomycetota	Actinomycetes	Bifidobacteriales	Bifidobacteriaceae	Bifidobacterium	Bifidobacterium catenulatum	0	0	0	0	0	0	0	0	0	3	0	0	0	0	0	0	0	0	0	0	0	0	0	0	8	0	26	0	0	0	0	0	0	0	0	6	15
Bacteria	Bacteria	Actinomycetota	Actinomycetes	Bifidobacteriales	Bifidobacteriaceae	Bifidobacterium	Bifidobacterium dentium	0	0	601	0	0	1	0	81	0	0	0	0	0	0	0	0	0	0	0	0	0	0	0	0	114	962	0	0	0	2003	0	174	0	0	0	0	0
Bacteria	Bacteria	Bacillota	Clostridia	Eubacteriales	Oscillospiraceae	Anaerotruncus	Anaerotruncus colihominis	52	197	0	597	1	73	12	66	594	25	46	41	462	25	25	52	177	42	608	34	0	12	34	83	20	0	0	2764	0	0	79	0	27	0	11	138	858
Bacteria	Bacteria	Bacillota	Erysipelotrichia	Erysipelotrichales	Turicibacteraceae	Turicibacter	Turicibacter sp. H121	0	0	0	0	0	0	0	0	0	0	0	0	0	0	0	0	0	0	0	0	0	65	0	0	0	118	0	0	0	0	0	0	0	0	0	0	0
Bacteria	Bacteria	Bacillota	Clostridia	Eubacteriales	Eubacteriaceae	Eubacterium	Eubacterium limosum	0	0	0	0	0	0	19	3	0	0	0	0	0	0	0	0	0	6	0	0	0	30	0	0	0	0	0	21	0	0	0	0	0	0	0	0	0
Bacteria	Bacteria	Actinomycetota	Actinomycetes	Propionibacteriales	Propionibacteriaceae	Propionibacterium	Propionibacterium freudenreichii	0	0	0	0	1615	214	139	0	0	0	0	0	0	0	0	0	22	0	0	0	0	0	6	0	0	0	0	0	0	0	0	0	0	0	0	0	0
Bacteria	Bacteria	Bacillota	Bacilli	Lactobacillales	Streptococcaceae	Streptococcus	Streptococcus sp. A12	0	0	0	0	0	0	0	0	0	35	0	0	0	0	0	0	0	0	0	0	0	0	0	0	0	190	0	0	0	0	0	0	0	0	0	0	0
Bacteria	Bacteria	Bacillota	Clostridia	Peptostreptococcales	Anaerovoracaceae	Emergencia	Emergencia timonensis	0	3	0	0	0	0	0	12	3946	1	0	0	5	0	0	0	55	2	2967	30	0	187	5	1	0	1	0	0	0	0	0	0	5	0	0	206	0
Bacteria	Bacteria	Actinomycetota	Actinomycetes	Actinomycetales	Actinomycetaceae	Pauljensenia	Pauljensenia hongkongensis	0	0	0	0	0	0	0	0	0	0	0	0	0	0	0	0	0	0	0	0	0	0	0	0	0	4	0	0	0	0	0	0	0	0	0	0	0
Bacteria	Bacteria	Bacteroidota	Bacteroidia	Bacteroidales	Bacteroidaceae	Bacteroides	Bacteroides caecimuris	0	0	0	0	0	0	0	0	0	15	0	0	0	0	0	0	0	0	0	0	0	0	0	0	12	0	0	0	0	0	0	0	0	0	0	0	2
Bacteria	Bacteria	Bacillota	Clostridia	Lachnospirales	Lachnospiraceae	Blautia	Blautia pseudococcoides	0	0	1	1	55	28	38	1	3	0	0	0	0	0	0	0	0	0	0	0	1	3	0	0	0	8	0	24	0	12	0	26	2	0	35	0	90
Bacteria	Bacteria	Bacillota	Clostridia	Eubacteriales	Acutalibacteraceae	Acutalibacter	Acutalibacter muris	1	0	0	0	0	0	0	1	2	0	0	0	1	0	0	0	0	0	0	0	1	0	0	0	0	0	0	0	0	0	1	0	0	0	0	0	0
Bacteria	Bacteria	Bacillota	Erysipelotrichia	Erysipelotrichales	Erysipelotrichaceae	Longicatena	Longicatena caecimuris	0	0	0	890	0	17	2	235	0	0	0	0	0	0	0	2	0	0	1	0	0	505	0	0	2	905	0	1	1	0	3	0	0	0	0	14	0
Bacteria	Bacteria	Bacteroidota	Bacteroidia	Bacteroidales	Muribaculaceae	Muribaculum	Muribaculum intestinale	0	0	0	0	0	0	0	0	0	0	0	0	0	0	0	0	0	0	0	0	0	0	0	0	0	0	0	0	0	0	0	0	0	0	0	1	0
Bacteria	Bacteria	Pseudomonadota	Betaproteobacteria	Burkholderiales	Sutterellaceae	Turicimonas	Turicimonas muris	4	7	0	0	0	0	0	25	0	5	3	9	5	0	0	2	9	0	0	5	0	0	14	4	0	0	0	0	0	0	0	0	0	0	0	0	0
Bacteria	Bacteria	Bacillota	Bacilli	Lactobacillales	Enterococcaceae	Enterococcus	Enterococcus saigonensis	0	0	0	0	17	16	0	0	0	0	0	0	0	0	0	0	0	0	0	0	0	0	0	0	0	0	0	0	0	0	0	0	0	0	0	0	0
Bacteria	Bacteria	Actinomycetota	Coriobacteriia	Coriobacteriales	Atopobiaceae	Olsenella	Olsenella timonensis	0	0	0	0	0	0	0	0	0	0	0	0	0	0	0	0	0	0	0	0	0	0	0	0	5	0	0	0	0	0	0	0	0	0	0	0	0
Bacteria	Bacteria	Bacillota	Clostridia	Christensenellales	Christensenellaceae	Christensenella	Christensenella massiliensis	0	3	0	0	0	0	0	0	0	0	0	0	0	0	0	0	0	0	0	0	0	0	7	0	0	0	0	3	0	0	0	0	0	0	0	3	1
Bacteria	Bacteria	Pseudomonadota	Gammaproteobacteria	Enterobacterales	Enterobacteriaceae	Enterobacter	Enterobacter roggenkampii	0	0	6	0	0	0	0	0	0	0	0	0	0	0	0	0	0	0	0	0	0	0	0	0	0	0	106	0	0	0	0	0	0	0	0	0	0
Bacteria	Bacteria	Bacillota	Bacilli	Lactobacillales	Streptococcaceae	Streptococcus	Streptococcus sp. FDAARGOS_192	0	0	0	0	0	0	0	0	0	0	0	0	0	0	0	0	0	0	0	0	0	0	50	0	0	0	0	0	0	0	0	106	0	0	0	147	0
Bacteria	Bacteria	Actinomycetota	Actinomycetes	Actinomycetales	Actinomycetaceae	Actinomyces	Actinomyces pacaensis	0	0	0	0	0	0	0	0	0	0	0	0	0	0	0	0	0	0	0	0	0	1	0	0	0	0	0	0	0	0	0	0	0	0	0	0	0
Bacteria	Bacteria	Actinomycetota	Coriobacteriia	Coriobacteriales	Coriobacteriaceae	Enorma	Enorma phocaeensis	0	0	0	0	0	0	0	1	0	0	0	0	0	0	0	0	0	0	0	0	0	0	0	0	25	0	0	0	0	0	0	0	0	0	0	0	0
Bacteria	Bacteria	Bacillota	Clostridia	Lachnospirales	Lachnospiraceae	Lachnoclostridium	Lachnoclostridium phocaeense	10	29	0	5	1	9	0	0	1	0	0	0	24	0	1	0	21	32	32	36	1	5	0	4	14	0	0	8	0	0	0	0	5	0	0	2	0
Bacteria	Bacteria	Actinomycetota	Coriobacteriia	Coriobacteriales	Atopobiaceae	Thermophilibacter	Thermophilibacter mediterraneus	0	0	0	0	0	0	0	0	0	0	0	0	0	0	0	0	0	0	0	0	0	0	0	0	1	0	0	0	0	0	0	0	0	0	0	0	0
Bacteria	Bacteria	Bacillota	Negativicutes	Acidaminococcales	Acidaminococcaceae	Acidaminococcus	Acidaminococcus intestini	0	0	0	5	0	0	0	0	0	0	0	0	0	0	0	0	0	0	0	0	0	0	1951	0	0	45	0	0	0	0	0	0	0	0	0	16	1
Bacteria	Bacteria	Actinomycetota	Coriobacteriia	Eggerthellales	Eggerthellaceae	Raoultibacter	Raoultibacter timonensis	0	0	0	0	0	0	0	0	0	0	0	0	0	0	0	0	0	0	0	0	0	0	1	0	1	0	0	0	0	0	0	0	0	0	0	0	0
Bacteria	Bacteria	Bacillota	Clostridia	Lachnospirales	Lachnospiraceae	Blautia	Blautia argi	0	2	1	6	1	1	0	7	7	0	0	2	1	0	3	0	1	1	1	1	0	16	7	1	0	25	0	15	6	3	0	5	3	0	5	0	0
Bacteria	Bacteria	Pseudomonadota	Gammaproteobacteria	Enterobacterales	Enterobacteriaceae	Citrobacter	Citrobacter sp. CFNIH10	0	0	0	0	0	0	0	0	0	0	0	0	0	0	0	0	0	0	0	0	0	0	0	0	0	0	0	0	0	0	0	148	0	0	0	0	0
Bacteria	Bacteria	Bacillota	Erysipelotrichia	Erysipelotrichales	Coprobacillaceae	Thomasclavelia	Erysipelatoclostridium sp. An173	0	0	0	0	1	0	0	0	0	0	0	0	0	0	0	0	0	0	0	0	0	3	0	0	0	0	1	3	0	0	0	0	0	0	0	0	0
Bacteria	Bacteria	Bacteroidota	Bacteroidia	Bacteroidales	Barnesiellaceae	Barnesiella	Barnesiella sp. An22	0	0	0	0	6	4	5	0	0	0	0	0	0	0	0	0	0	0	0	0	0	0	3	0	5	0	0	1	0	0	0	0	0	0	0	1	0
Bacteria	Bacteria	Campylobacterota	Epsilonproteobacteria	Campylobacterales	Campylobacteraceae	Campylobacter	Campylobacter jejuni	0	0	0	0	0	0	0	0	0	0	0	0	0	0	0	0	0	0	0	0	0	0	0	0	2	0	0	0	0	0	0	0	0	0	0	0	0
Bacteria	Bacteria	Bacillota	Bacilli	Lactobacillales	Streptococcaceae	Streptococcus	Streptococcus pasteurianus	0	0	0	0	0	0	0	0	0	0	0	0	0	0	0	0	0	0	0	0	0	134	0	0	390	0	0	0	0	0	0	0	0	0	0	0	8
Bacteria	Bacteria	Thermodesulfobacteriota	Desulfovibrionia	Desulfovibrionales	Desulfovibrionaceae	Mailhella	uncultured Mailhella sp.	0	0	0	0	0	0	0	0	0	0	0	0	0	0	0	0	0	0	0	0	0	0	0	0	0	0	0	0	0	0	0	0	0	0	0	0	6
Bacteria	Bacteria	Bacillota	Clostridia	Monoglobales	Monoglobaceae	Monoglobus	Monoglobus pectinilyticus	0	2	0	0	8	22	0	131	0	5	237	37	26	19	659	121	2	8	2	1	0	1	0	0	0	1481	0	2754	0	0	0	0	2	0	0	0	0
Bacteria	Bacteria	Bacillota	Erysipelotrichia	Erysipelotrichales	Coprobacillaceae	Faecalibacillus	Faecalibacillus intestinalis	0	0	67	967	0	0	0	0	0	87	0	0	0	0	0	0	0	0	0	0	0	0	2125	0	1061	0	0	0	0	40	0	58	0	0	0	1279	1
Bacteria	Bacteria	Campylobacterota	Epsilonproteobacteria	Campylobacterales	Campylobacteraceae	Campylobacter	Campylobacter concisus	0	0	40	0	0	0	0	0	0	0	0	0	0	0	0	0	0	0	0	0	0	0	0	0	0	0	0	0	0	194	0	18	0	0	0	0	0
Bacteria	Bacteria	Actinomycetota	Coriobacteriia	Coriobacteriales	Atopobiaceae	Parolsenella	Parolsenella catena	0	0	0	0	0	0	0	0	0	0	0	0	0	0	0	0	0	0	0	0	0	0	0	0	0	0	0	2	0	0	0	0	0	0	0	0	0
Bacteria	Bacteria	Bacteroidota	Bacteroidia	Bacteroidales	Tannerellaceae	Parabacteroides	Parabacteroides sp. CT06	0	0	0	0	0	0	0	189	0	2507	0	0	0	0	0	0	0	0	0	0	0	0	3086	0	0	0	0	0	0	0	0	0	0	0	0	280	0
Bacteria	Bacteria	Bacillota	Clostridia	Eubacteriales	Eubacteriaceae	Eubacterium	Eubacterium maltosivorans	0	0	0	0	0	0	0	2	1	0	0	0	0	0	0	0	1	1	0	1	2	1	0	0	0	2	0	0	0	0	0	0	0	0	0	0	0
Bacteria	Bacteria	Actinomycetota	Actinomycetes	Micrococcales	Micrococcaceae	Rothia	Rothia dentocariosa	0	0	7	0	0	0	0	0	0	0	0	0	0	0	0	0	1	0	0	0	1	0	0	0	0	0	0	0	0	0	0	0	0	0	0	0	0
Bacteria	Bacteria	Bacillota	Bacilli	Lactobacillales	Enterococcaceae	Enterococcus	Enterococcus sp. FDAARGOS_375	0	0	0	0	75	0	0	0	0	0	0	0	0	0	0	0	0	0	0	0	0	0	0	0	0	0	0	0	0	0	0	0	0	0	0	0	0
Bacteria	Bacteria	Bacillota	Clostridia	Lachnospirales	Lachnospiraceae	Novisyntrophococcus	Novisyntrophococcus fermenticellae	0	0	0	0	1908	1434	2139	1	0	0	0	0	0	0	0	0	0	0	0	0	0	0	0	0	0	0	0	3	0	0	0	0	0	0	0	0	0
Bacteria	Bacteria	Pseudomonadota	Gammaproteobacteria	Enterobacterales	Enterobacteriaceae	Enterobacter	Enterobacter cloacae complex sp. FDA-CDC-AR_0164	0	0	0	0	0	0	0	0	0	0	0	0	0	0	0	0	0	0	0	0	0	0	0	0	0	0	547	0	0	0	0	0	0	0	0	0	0
Bacteria	Bacteria	Pseudomonadota	Gammaproteobacteria	Enterobacterales	Enterobacteriaceae	Enterobacter	Enterobacter kobei	0	0	0	0	0	0	0	0	0	0	0	0	0	0	0	0	0	0	0	0	2258	0	0	0	0	0	0	0	0	0	0	0	0	0	0	0	0
Bacteria	Bacteria	Bacillota	Clostridia	Lachnospirales	Lachnospiraceae	Enterocloster	Enterocloster bolteae	989	1199	7	90	5	4649	82	6066	4862	102	1181	477	2525	255	4449	761	4006	4921	1654	6010	41	120	73	372	15	458	0	4977	0	8	0	11	131	0	218	20	152
Bacteria	Bacteria	Bacillota	Clostridia	Eubacteriales	containing Massilistercora	Massilistercora	Massilistercora timonensis	1	11	0	69	1	7	2	0	0	44	1	1	3	1	20	2	10	13	0	5	5	4	13	0	98	0	0	26	1	0	3	0	11	0	12	30	62
Bacteria	Bacteria	Bacillota	Clostridia	Eubacteriales	Maliibacteriaceae	Maliibacterium	Maliibacterium massiliense	0	0	0	12	0	4	1	1	0	0	4	0	3	0	11	4	3	0	0	0	6	0	0	0	2	0	0	8	0	0	0	0	0	0	0	2	0
Bacteria	Bacteria	Bacteroidota	Bacteroidia	Bacteroidales	Odoribacteraceae	Butyricimonas	Butyricimonas faecalis	0	0	0	1	0	0	0	1	0	1	0	0	0	0	0	0	0	0	0	0	0	0	0	0	0	0	0	0	0	0	1	0	0	0	0	28	0
Bacteria	Bacteria	Bacillota	Clostridia	Eubacteriales	Oscillospiraceae	Dysosmobacter	Dysosmobacter welbionis	323	35	0	174	0	0	0	0	612	490	182	153	156	513	47	19	147	15	12	83	0	0	1216	0	656	0	0	25	0	0	56	0	22	0	0	247	202
Bacteria	Bacteria	Bacteroidota	Bacteroidia	Bacteroidales	Muribaculaceae	Paramuribaculum	Paramuribaculum intestinale	0	0	0	0	0	0	0	0	0	0	0	0	0	0	0	0	0	0	0	0	0	0	0	0	0	0	0	0	0	0	0	0	0	0	0	1	0
Bacteria	Bacteria	Bacillota	Bacilli	Lactobacillales	Lactobacillaceae	Lactobacillus	Lactobacillus paragasseri	0	0	10	0	0	0	0	0	0	0	0	0	0	0	0	0	0	0	0	0	0	0	0	0	0	0	0	0	0	111	0	0	0	0	0	0	0
Bacteria	Bacteria	Bacillota	Clostridia	Eubacteriales	Oscillospiraceae	Lawsonibacter	Lawsonibacter asaccharolyticus	682	864	0	1102	0	0	0	191	2	1200	427	183	1075	20	50	52	686	2	0	54	3	592	71	320	570	0	0	3	0	1	8	0	71	0	0	639	152
Bacteria	Bacteria	Bacillota	Clostridia	Eubacteriales	Butyricicoccaceae	Butyricicoccus	Butyricicoccus sp. GAM44	0	0	0	0	0	0	0	0	0	1	10	8	11	1	6	1	5	0	4	0	0	0	1	4	3	0	0	0	0	0	0	0	1	0	0	6	2
Bacteria	Bacteria	Bacillota	Clostridia	Eubacteriales	Oscillospiraceae	Oscillibacter	Oscillibacter sp. PEA192	384	186	0	255	0	0	0	111	424	1239	421	275	247	244	132	100	326	176	67	22	0	0	745	95	773	0	0	15	0	0	57	11	71	0	0	625	475
Bacteria	Bacteria	Bacteroidota	Bacteroidia	Bacteroidales	Prevotellaceae	Pseudoprevotella	Pseudoprevotella muciniphila	0	0	0	0	0	0	0	0	0	0	0	0	0	0	0	0	0	0	0	0	0	0	0	0	0	0	0	0	0	0	0	0	0	0	0	1	0
Bacteria	Bacteria	Bacillota	Clostridia	Eubacteriales	Oscillospiraceae	Subdoligranulum	Subdoligranulum variabile	3	2	0	4	0	0	1	3	0	6	5	3	2	2	3	4	4	11	2	2	4	5	10	6	13	0	0	0	0	0	0	0	1	0	0	2	13
Bacteria	Bacteria	Bacteroidota	Bacteroidia	Bacteroidales	Rikenellaceae	Alistipes	Alistipes finegoldii	4	0	0	1	0	0	0	944	0	2125	2123	2644	455	3198	2453	2982	0	0	0	0	100	0	19	0	1472	0	0	0	0	0	0	0	0	0	0	1075	280
Bacteria	Bacteria	Pseudomonadota	Gammaproteobacteria	Enterobacterales	Enterobacteriaceae	Klebsiella	Klebsiella huaxiensis	0	0	0	0	0	0	0	0	0	0	0	0	0	0	0	0	0	0	0	0	0	0	0	0	0	0	0	0	0	0	0	5	0	0	0	0	0
Bacteria	Bacteria	Pseudomonadota	Gammaproteobacteria	Enterobacterales	Enterobacteriaceae	Lelliottia	Lelliottia sp. WB101	0	0	0	0	0	0	0	0	0	0	0	0	0	0	0	0	0	2	0	0	0	0	0	0	0	0	0	0	0	0	0	0	0	0	0	0	0
Bacteria	Bacteria	Actinomycetota	Actinomycetes	Bifidobacteriales	Bifidobacteriaceae	Bifidobacterium	Bifidobacterium longum	0	0	5	0	2	0	0	94	1378	1546	0	0	0	0	0	0	0	1	0	0	0	0	1415	0	815	1314	0	1	0	0	0	0	0	0	0	2517	17
Archaea	Archaea	Euryarchaeota	Methanobacteria	Methanobacteriales	Methanobacteriaceae	Methanobrevibacter	Methanobrevibacter smithii	0	0	0	406	0	0	0	0	0	0	0	0	0	0	0	0	0	0	0	0	0	0	992	0	71	0	0	0	0	0	212	0	0	10	0	20	118
Bacteria	Bacteria	Pseudomonadota	Gammaproteobacteria	Enterobacterales	Enterobacteriaceae	Raoultella	Raoultella sp. X13	0	1430	0	0	0	0	0	0	0	0	0	0	0	0	0	0	0	0	0	0	0	0	0	0	0	0	0	0	0	0	0	0	0	0	0	0	0
Bacteria	Bacteria	Bacillota	Bacilli	Lactobacillales	Lactobacillaceae	Limosilactobacillus	Limosilactobacillus gastricus	0	0	0	0	0	0	0	0	0	0	0	0	0	0	0	0	0	0	0	0	0	0	0	0	0	4	0	0	0	0	0	3	0	0	1	0	0
Bacteria	Bacteria	Bacillota	Bacilli	Lactobacillales	Lactobacillaceae	Ligilactobacillus	Ligilactobacillus saerimneri	0	0	0	0	0	0	0	0	0	0	0	0	0	0	0	0	0	0	0	0	0	0	0	0	0	0	0	0	0	1	0	0	0	0	0	0	0
Archaea	Archaea	Euryarchaeota	Methanobacteria	Methanobacteriales	Methanobacteriaceae	Methanosphaera	Methanosphaera stadtmanae	0	0	0	0	0	0	0	0	0	0	0	0	0	0	0	0	0	0	0	0	0	0	0	0	0	0	0	0	0	0	0	0	0	0	0	902	0
Bacteria	Bacteria	Bacteroidota	Bacteroidia	Bacteroidales	Rikenellaceae	Alistipes	Alistipes megaguti	0	0	0	0	0	0	0	0	0	0	0	0	0	0	0	0	0	0	0	0	0	0	0	0	0	0	0	0	0	0	0	0	0	0	0	2	0
Bacteria	Bacteria	Bacillota	Bacilli	Lactobacillales	Streptococcaceae	Streptococcus	Streptococcus koreensis	0	0	0	0	0	0	0	0	0	0	0	0	0	0	0	0	0	0	0	0	0	0	0	0	0	41	0	0	0	0	0	0	0	0	0	95	0
Bacteria	Bacteria	Verrucomicrobiota	Verrucomicrobiia	Verrucomicrobiales	Akkermansiaceae	Akkermansia	Akkermansia muciniphila	0	0	0	2226	0	0	0	0	0	0	0	0	0	0	0	0	0	0	0	0	0	0	141	0	444	0	0	1	0	0	1466	0	0	271	0	325	2814
Bacteria	Bacteria	Bacillota	Bacilli	Lactobacillales	Enterococcaceae	Enterococcus	Enterococcus sp. FDAARGOS_553	0	0	233	0	0	0	0	0	0	0	0	0	0	0	0	0	0	0	0	0	0	0	0	0	0	0	0	0	173	770	0	123	0	0	0	0	0
Bacteria	Bacteria	Bacteroidota	Bacteroidia	Bacteroidales	Bacteroidaceae	Bacteroides	Bacteroides cellulosilyticus	5	0	0	0	0	0	0	3000	0	6204	36	16	27	0	2	0	8	0	0	0	6	0	0	0	49	0	0	0	0	0	0	0	0	0	0	364	68
Bacteria	Bacteria	Bacillota	Erysipelotrichia	Erysipelotrichales	Coprobacillaceae	Catenibacterium	Catenibacterium sp. co_0103	0	0	0	0	0	1	0	0	0	0	0	0	0	0	0	0	0	0	0	0	0	0	0	0	1415	0	0	0	0	0	0	0	0	0	0	1	0
Bacteria	Bacteria	Bacillota	Clostridia	Lachnospirales	Lachnospiraceae	Blautia	Blautia sp. SC05B48	91	41	0	97	0	2	0	31	3	168	18	85	26	57	13	17	25	40	9	26	4	0	255	27	145	0	0	0	0	0	0	0	51	0	0	86	70
Bacteria	Bacteria	Bacillota	Erysipelotrichia	Erysipelotrichales	Erysipelotrichaceae	Intestinibaculum	Intestinibaculum porci	0	0	0	0	0	0	0	0	0	0	0	0	0	0	0	0	0	0	0	0	0	0	2	0	0	0	0	0	0	0	0	0	0	0	0	0	0
Bacteria	Bacteria	Bacillota	Clostridia	Lachnospirales	Cellulosilyticaceae	Cellulosilyticum	Cellulosilyticum sp. WCF-2	0	0	1	0	0	0	0	0	0	0	0	0	0	0	0	0	0	0	0	0	0	0	0	0	0	0	0	0	0	0	0	3	0	0	0	0	0
Bacteria	Bacteria	Bacillota	Tissierellia	Tissierellales	Acidilutibacteraceae	Acidilutibacter	Acidilutibacter cellobiosedens	0	0	0	0	2	4	1	0	0	0	0	0	0	0	0	0	0	0	0	0	0	0	0	0	0	0	0	0	0	0	0	0	0	0	0	0	0
Bacteria	Bacteria	Bacteroidota	Bacteroidia	Bacteroidales	Prevotellaceae	Segatella	Segatella hominis	0	0	0	0	0	0	0	0	0	2	0	0	0	0	0	0	0	0	0	0	0	0	0	0	0	0	0	0	0	0	0	0	0	0	0	0	0
Bacteria	Bacteria	Bacteroidota	Bacteroidia	Bacteroidales	Muribaculaceae	Duncaniella	Duncaniella dubosii	0	0	0	0	0	0	0	1	0	0	0	0	0	0	0	0	0	0	0	0	0	0	0	0	0	1	0	0	0	0	0	0	1	0	0	0	0
Bacteria	Bacteria	Pseudomonadota	Gammaproteobacteria	Cellvibrionales	Halieaceae	Aequoribacter	Aequoribacter fuscus	0	0	1	0	0	0	0	0	0	0	0	0	0	0	0	0	0	0	0	0	0	0	0	0	0	0	0	0	0	0	0	0	0	0	0	0	0
Bacteria	Bacteria	Bacteroidota	Bacteroidia	Bacteroidales	Bacteroidaceae	Bacteroides	Bacteroides sp. A1C1	0	0	0	0	0	0	0	0	0	121	0	0	0	0	0	0	0	0	0	0	126	0	0	0	55	0	0	0	0	0	0	0	66	0	0	0	61
Bacteria	Bacteria	Bacteroidota	Bacteroidia	Bacteroidales	Muribaculaceae	Muribaculum	Muribaculum gordoncarteri	0	0	0	0	0	0	0	0	0	0	0	0	0	0	0	0	0	0	0	0	0	0	0	0	0	0	0	0	0	0	0	0	0	0	0	1	2
Bacteria	Bacteria	Pseudomonadota	Gammaproteobacteria	Enterobacterales	Enterobacteriaceae	Citrobacter	Citrobacter tructae	0	0	0	0	0	0	0	0	0	0	0	0	0	0	0	0	0	6	0	0	0	0	0	0	0	0	0	0	0	0	0	0	0	0	0	0	0
Bacteria	Bacteria	Bacillota	Clostridia	Eubacteriales	Oscillospiraceae	Ruminococcus	Ruminococcus bovis	0	1	0	0	0	0	0	0	0	0	0	0	0	0	0	0	1	0	0	0	0	0	0	0	0	0	0	0	0	0	0	0	0	0	0	0	1
Bacteria	Bacteria	Bacillota	Erysipelotrichia	Erysipelotrichales	Erysipelotrichaceae	Amedibacterium	Amedibacterium intestinale	3	4	0	0	1	1	0	0	0	0	1	3	0	3	7	1	0	1	4	0	7	2	3	0	1	0	0	1	3	0	0	0	1	0	3	0	0
Bacteria	Bacteria	Bacteroidota	Bacteroidia	Bacteroidales	Rikenellaceae	Alistipes	Alistipes communis	678	0	0	1669	0	0	0	18	0	2	2985	2304	3021	1428	1109	1599	0	0	0	0	13	0	254	0	6	4	0	0	0	0	0	0	0	0	0	96	2466
Bacteria	Bacteria	Bacteroidota	Bacteroidia	Bacteroidales	Rikenellaceae	Alistipes	Alistipes dispar	0	0	0	2	0	0	0	0	0	0	0	0	0	0	0	0	0	0	0	0	6	0	17	0	0	0	0	0	0	0	0	0	0	0	0	0	3
Bacteria	Bacteria	Bacillota	Clostridia	Eubacteriales	containing Flintibacter	Flintibacter	Flintibacter sp. KGMB00164	0	0	1	0	0	0	0	556	0	0	0	0	0	0	0	0	0	0	0	0	0	0	51	0	0	0	0	0	1	0	0	0	0	0	0	0	0
Bacteria	Bacteria	Bacillota	Bacilli	Lactobacillales	Streptococcaceae	Streptococcus	Streptococcus sp. LPB0220	0	0	0	0	0	0	0	0	0	20	0	0	0	0	10	0	0	0	0	0	0	0	41	0	0	156	0	0	0	0	0	29	0	0	0	41	0
Bacteria	Bacteria	Bacillota	Clostridia	Peptostreptococcales	Peptostreptococcaceae	Intestinibacter	Intestinibacter bartlettii	76	979	0	0	174	0	991	463	0	3	119	49	97	12	88	157	146	2047	439	27	2097	1784	0	58	205	4	1267	989	0	0	0	0	30	0	1534	1	0
Bacteria	Bacteria	Bacteroidota	Bacteroidia	Bacteroidales	Bacteroidaceae	Bacteroides	Bacteroides zhangwenhongii	22	58	0	0	0	0	0	0	0	92	16	10	35	0	0	0	11	0	62	0	0	0	227	31	7	0	0	0	0	0	52	0	0	6	0	0	0
Bacteria	Bacteria	Bacteroidota	Bacteroidia	Bacteroidales	Bacteroidaceae	Bacteroides	Bacteroides luhongzhouii	0	0	0	0	0	0	0	0	0	2	0	0	0	0	0	0	0	0	0	0	0	0	10	0	0	0	0	0	0	0	0	0	0	0	0	2	0
Bacteria	Bacteria	Bacteroidota	Bacteroidia	Bacteroidales	Rikenellaceae	Alistipes	Alistipes sp. dk3624	0	0	0	0	0	0	0	0	0	651	0	0	0	0	0	0	0	0	0	0	0	0	40	0	0	0	0	0	0	0	0	0	0	0	0	2	0
Bacteria	Bacteria	Bacillota	Negativicutes	Veillonellales	Veillonellaceae	Veillonella	Veillonella sp. S12025-13	0	0	0	0	0	0	0	0	0	0	0	0	0	0	0	0	0	0	0	0	0	0	0	0	0	0	0	0	0	0	0	14	0	0	0	0	0
Bacteria	Bacteria	Bacillota	Negativicutes	Veillonellales	Veillonellaceae	Veillonella	Veillonella nakazawae	0	0	27	0	0	0	0	0	0	0	0	0	0	0	0	0	0	0	0	0	0	0	8	0	0	0	0	0	0	0	0	8	0	0	0	0	0
Bacteria	Bacteria	Bacteroidota	Bacteroidia	Bacteroidales	Tannerellaceae	Parabacteroides	Parabacteroides chongii	0	0	0	0	0	0	0	0	0	0	0	0	0	0	0	0	0	0	0	0	0	0	3	0	0	0	0	0	0	0	0	0	0	0	0	0	0
Bacteria	Bacteria	Bacillota	Bacilli	Lactobacillales	Lactobacillaceae	Lactobacillus	Lactobacillus sp. JM1	0	0	0	0	0	0	0	0	0	0	0	0	0	0	0	0	0	0	0	0	0	0	0	0	0	0	0	0	0	113	0	0	0	0	0	0	0
Bacteria	Bacteria	Actinomycetota	Coriobacteriia	Eggerthellales	Eggerthellaceae	Eggerthella	Eggerthella guodeyinii	0	0	0	0	0	0	1	5	0	0	1	0	0	0	0	0	0	0	0	0	2	0	0	0	1	0	0	0	0	0	0	0	0	0	0	0	0
Bacteria	Bacteria	Actinomycetota	Coriobacteriia	Eggerthellales	Eggerthellaceae	Adlercreutzia	Adlercreutzia hattorii	2567	1375	0	728	122	75	73	0	0	1152	2584	2000	2423	659	2260	2126	2525	2231	1542	429	1332	0	442	2499	172	0	0	1959	0	0	2	0	2456	0	0	0	57
Bacteria	Bacteria	Bacteroidota	Bacteroidia	Bacteroidales	Bacteroidaceae	Bacteroides	Bacteroides sp. ZJ-18	0	0	0	44	0	0	0	0	0	0	0	0	0	0	0	0	0	0	0	0	16	0	0	0	0	0	0	0	0	0	0	0	0	0	0	0	0
Bacteria	Bacteria	Bacillota	Clostridia	Lachnospirales	Lachnospiraceae	Chordicoccus	Chordicoccus furentiruminis	0	0	0	1	0	1	3	1	0	0	1	0	1	0	0	0	1	0	0	2	0	1	1	0	0	0	0	5	0	1	0	1	0	0	0	4	0
Bacteria	Bacteria	Bacillota	Clostridia	Eubacteriales	Oscillospiraceae	Vescimonas	Vescimonas fastidiosa	8	8	0	12	0	0	0	3	0	17	6	7	0	11	6	9	5	0	0	0	0	0	61	0	4	1	0	0	0	0	17	0	7	49	0	6	20
Bacteria	Bacteria	Bacillota	Clostridia	Eubacteriales	Oscillospiraceae	Vescimonas	Vescimonas coprocola	127	35	0	15	0	1	0	3	0	397	637	1227	90	1469	1562	673	42	95	42	198	0	6	1063	266	23	211	0	1	0	0	12	0	872	0	0	442	58
Bacteria	Bacteria	Bacillota	Clostridia	Eubacteriales	Oscillospiraceae	Pusillibacter	Pusillibacter faecalis	218	139	0	27	1	1	1	9	18	201	134	54	426	18	19	6	258	328	5	25	0	10	68	18	38	0	0	54	0	0	42	0	26	0	0	31	62
Bacteria	Bacteria	Bacteroidota	Bacteroidia	Bacteroidales	Bacteroidaceae	Bacteroides	Bacteroides faecium	2	9	0	0	0	0	0	0	0	8	1	0	7	0	0	0	3	1	18	1	0	0	0	5	5	0	0	0	0	0	0	0	0	0	0	2	0
Bacteria	Bacteria	Bacillota	Clostridia	Peptostreptococcales	Peptostreptococcaceae	Romboutsia	Romboutsia sp. CE17	0	0	0	2	22	28	33	0	0	0	0	0	0	0	0	5	0	0	0	0	26	0	5	0	36	12	0	0	0	0	0	0	0	0	0	0	0
Bacteria	Bacteria	Bacillota	Clostridia	Eubacteriales	Clostridiaceae	Sarcina	Sarcina sp. JB2	0	0	0	0	0	0	0	0	0	0	0	0	0	0	0	0	0	0	0	0	1	0	0	0	2	0	0	0	0	0	0	0	0	0	0	0	96
Viruses	Heunggongvirae	Uroviricota	Caudoviricetes	containing Brigitvirus	containing Brigitvirus	Brigitvirus	Brigitvirus brigit	0	0	0	0	0	0	0	0	0	0	0	0	0	0	0	0	0	0	0	0	0	0	0	0	10	0	0	0	0	0	0	0	0	0	0	0	6
Viruses	Heunggongvirae	Uroviricota	Caudoviricetes	containing Eponavirus	containing Eponavirus	Eponavirus	Eponavirus epona	0	0	0	0	0	0	0	0	0	0	1	1	2	1	0	0	0	0	0	1	0	0	0	1	0	0	0	0	0	0	0	0	0	0	0	0	0
Viruses	Heunggongvirae	Uroviricota	Caudoviricetes	containing Taranisvirus	containing Taranisvirus	Taranisvirus	Taranisvirus taranis	0	0	0	11	0	0	0	0	0	34	0	0	0	0	0	0	0	0	0	0	0	0	8	0	0	0	0	0	0	0	9	0	0	0	0	0	0
Viruses	Heunggongvirae	Uroviricota	Caudoviricetes	containing Toutatisvirus	containing Toutatisvirus	Toutatisvirus	Toutatisvirus toutatis	0	0	0	0	0	0	0	0	0	0	0	0	0	0	0	0	0	0	0	0	0	0	0	0	24	0	0	0	0	0	0	0	0	0	0	0	0
Viruses	Heunggongvirae	Uroviricota	Caudoviricetes	containing Lughvirus	containing Lughvirus	Lughvirus	Lughvirus lugh	0	0	0	0	0	0	0	0	0	0	0	0	0	0	0	0	0	0	0	0	0	0	0	0	3	0	0	0	0	0	0	0	0	0	0	0	0
Viruses	Heunggongvirae	Uroviricota	Caudoviricetes	containing Oengusvirus	containing Oengusvirus	Oengusvirus	Oengusvirus oengus	1	0	0	0	0	0	0	0	0	25	4	3	6	6	2	0	5	0	1	3	0	0	0	1	21	0	0	0	0	0	0	0	0	0	0	0	0
Bacteria	Bacteria	Bacillota	Erysipelotrichia	Erysipelotrichales	Turicibacteraceae	Turicibacter	Turicibacter bilis	0	2	0	41	13	65	0	0	0	0	3	0	0	0	0	0	0	10	6	0	5	1184	0	0	2	523	0	0	0	0	0	0	0	0	0	0	1
Bacteria	Bacteria	Bacillota	Bacilli	Lactobacillales	Lactobacillaceae	Limosilactobacillus	Limosilactobacillus portuensis	0	0	79	0	0	0	0	0	0	0	0	0	0	0	0	0	0	0	0	0	0	0	0	0	0	0	0	0	0	122	0	12	0	0	27	0	0
Bacteria	Bacteria	Pseudomonadota	Gammaproteobacteria	Enterobacterales	Enterobacteriaceae	Citrobacter	Citrobacter sp. RHB35-C17	0	0	0	0	0	0	0	0	0	0	0	0	0	0	0	0	0	0	0	0	0	0	0	0	0	0	0	0	0	134	0	0	0	0	0	0	0
Bacteria	Bacteria	Bacteroidota	Bacteroidia	Bacteroidales	Bacteroidaceae	Bacteroides	Bacteroides sp. CACC 737	0	0	0	28	0	0	0	186	0	432	0	0	0	0	0	0	0	0	0	0	64	0	118	0	0	0	0	0	0	0	0	0	0	0	0	54	23
Bacteria	Bacteria	Bacteroidota	Bacteroidia	Bacteroidales	Bacteroidaceae	Bacteroides	Bacteroides sp. M10	0	0	0	0	0	0	0	2	0	5	0	0	0	0	0	0	0	0	4	0	0	0	14	0	4	49	0	0	0	0	0	0	0	0	0	31	8
Bacteria	Bacteria	Bacillota	Clostridia	Eubacteriales	Oscillospiraceae	Oscillibacter	Oscillibacter hominis	18	19	0	18	2	3	2	15	0	29	9	10	27	5	1	7	36	6	5	4	20	32	102	6	39	4	0	0	0	1	3	1	2	0	0	44	41
Bacteria	Bacteria	Bacillota	Clostridia	Lachnospirales	Lachnospiraceae	Roseburia	Roseburia rectibacter	1	1	0	1	0	2	0	34	0	25	0	3	0	1	3	6	9	39	11	2	0	0	32	5	10	0	0	2	0	0	0	9	0	0	0	4	0
Bacteria	Bacteria	Bacillota	Clostridia	Lachnospirales	Lachnospiraceae	Wansuia	Wansuia hejianensis	4	88	0	10	64	28	2094	28	6	9	7	2	38	1	38	52	60	33	75	5	0	6	4	19	2	6	0	205	0	0	0	0	44	0	0	0	41
Bacteria	Bacteria	Bacillota	Clostridia	Lachnospirales	Lachnospiraceae	Wujia	Wujia chipingensis	0	0	0	1	0	0	0	0	0	0	0	0	0	0	0	1	0	1	0	0	0	0	0	1	106	0	0	0	0	0	0	0	1	0	0	1	1
Bacteria	Bacteria	Bacillota	Clostridia	Lachnospirales	Lachnospiraceae	Simiaoa	Simiaoa sunii	1	0	46	972	2	3	0	4	0	9	1	0	1	1	0	1	2	80	0	3	2	1	787	1	185	0	0	208	0	12	2	0	0	0	4	2035	0
Bacteria	Bacteria	Bacillota	Clostridia	Lachnospirales	Lachnospiraceae	Blautia	Blautia liquoris	0	0	0	0	4	3	3	0	0	0	0	0	0	0	0	0	0	0	0	0	0	0	0	0	0	0	0	1	0	0	0	0	0	0	0	0	0
Bacteria	Bacteria	Bacillota	Clostridia	Eubacteriales	Oscillospiraceae	Solibaculum	Solibaculum mannosilyticum	1	0	0	0	0	1	0	0	0	3	0	0	0	0	0	0	0	0	1	6	0	0	0	0	10	1	0	0	0	1	0	0	0	0	0	0	1
Bacteria	Bacteria	Bacteroidota	Bacteroidia	Bacteroidales	Bacteroidaceae	Bacteroides	Bacteroides sp. HF-162	0	0	0	0	0	51	0	0	0	113	0	0	0	0	0	0	0	0	0	0	0	0	0	0	0	106	0	0	0	0	0	0	93	0	0	251	0
Bacteria	Bacteria	Actinomycetota	Actinomycetes	Actinomycetales	Actinomycetaceae	Actinomyces	Actinomyces sp. HMT 175	0	0	0	0	0	0	0	0	0	0	0	0	0	0	0	0	0	0	0	0	0	0	0	0	0	127	0	0	0	0	0	0	0	0	0	0	0
Bacteria	Bacteria	Bacteroidota	Bacteroidia	Bacteroidales	Bacteroidaceae	Bacteroides	Bacteroides humanifaecis	0	0	0	0	0	0	0	94	0	153	0	0	0	0	0	0	0	0	0	0	138	0	0	0	34	0	0	0	0	0	119	0	42	0	0	267	0
Bacteria	Bacteria	Actinomycetota	Actinomycetes	Bifidobacteriales	Bifidobacteriaceae	Bifidobacterium	Bifidobacterium animalis	0	0	0	0	0	0	262	0	0	0	0	0	0	0	0	0	0	0	0	0	205	0	0	0	0	0	0	0	0	0	0	0	0	0	0	0	0
Bacteria	Bacteria	Actinomycetota	Actinomycetes	Bifidobacteriales	Bifidobacteriaceae	Bifidobacterium	Bifidobacterium pseudocatenulatum	0	3	0	0	0	0	0	4	0	71	4	1	3	1	1	2	2	2	4	0	0	0	0	0	2	3	651	0	0	0	0	0	0	0	0	201	294
Bacteria	Bacteria	Bacillota	Bacilli	Lactobacillales	Lactobacillaceae	Latilactobacillus	Latilactobacillus curvatus	0	6	0	0	0	0	0	0	0	14	0	0	0	0	0	9	0	0	0	0	0	0	0	0	0	0	0	0	0	0	0	0	5	0	0	0	0
Bacteria	Bacteria	Bacillota	Erysipelotrichia	Erysipelotrichales	Turicibacteraceae	Turicibacter	Turicibacter sp. TJ11	0	0	0	0	0	4	0	0	0	0	0	0	0	0	0	0	0	0	0	0	0	4	0	0	0	0	0	0	0	0	0	0	0	0	0	0	0
Bacteria	Bacteria	Bacteroidota	Bacteroidia	Bacteroidales	Bacteroidaceae	Bacteroides	Bacteroides eggerthii	0	2	0	1705	0	0	0	0	0	6	17	15	15	4	1	1	0	0	0	0	10	0	25	0	1455	0	0	0	0	0	2529	0	0	62	0	0	3
Bacteria	Bacteria	Bacteroidota	Bacteroidia	Bacteroidales	Bacteroidaceae	Bacteroides	Bacteroides heparinolyticus	0	0	0	0	0	0	0	0	0	0	0	0	0	0	0	0	0	0	0	0	0	0	0	0	0	0	0	0	0	0	0	0	0	0	0	8	0
Bacteria	Bacteria	Bacteroidota	Bacteroidia	Bacteroidales	Bacteroidaceae	Bacteroides	Bacteroides ovatus	43	36	0	585	61	1576	103	30	12	4013	45	29	50	141	251	4845	33	0	602	97	5	3	6670	28	1856	3559	0	38	0	0	120	0	371	77	264	4978	4321
Bacteria	Bacteria	Bacteroidota	Bacteroidia	Bacteroidales	Odoribacteraceae	Odoribacter	Odoribacter splanchnicus	2	0	0	2673	0	1	0	2454	0	3693	2512	2394	2603	386	362	113	0	0	0	0	1286	0	3831	0	2191	0	0	0	0	0	112	0	0	6	0	2262	1366
Bacteria	Bacteria	Bacteroidota	Bacteroidia	Bacteroidales	Prevotellaceae	Hoylesella	Hoylesella buccalis	0	0	0	0	0	0	0	0	0	0	0	0	0	0	0	0	0	0	0	0	0	0	0	0	0	0	0	0	0	0	0	3	0	0	0	0	0
Bacteria	Bacteria	Bacteroidota	Bacteroidia	Bacteroidales	Prevotellaceae	Prevotella	Prevotella denticola	0	0	0	1	0	0	0	0	0	0	0	0	0	0	0	0	0	0	0	0	0	0	0	0	0	0	0	0	0	0	0	0	0	0	0	0	3
Bacteria	Bacteria	Bacteroidota	Bacteroidia	Bacteroidales	Prevotellaceae	Prevotella	Prevotella intermedia	0	0	44	0	0	0	0	1	0	0	0	0	0	0	0	0	0	0	0	0	0	0	0	0	0	0	0	0	0	0	0	0	0	0	0	0	0
Bacteria	Bacteria	Bacteroidota	Bacteroidia	Bacteroidales	Prevotellaceae	Prevotella	Prevotella veroralis	0	0	0	0	0	0	0	0	0	0	0	0	0	0	0	0	0	3	0	0	0	0	0	0	0	0	0	0	0	0	0	0	0	0	0	0	0
Bacteria	Bacteria	Bacillota	Bacilli	Lactobacillales	Streptococcaceae	Streptococcus	Streptococcus toyakuensis	0	0	0	0	0	0	0	0	0	0	0	0	0	0	0	0	0	0	0	0	53	0	0	0	0	0	0	0	0	0	0	0	0	0	0	0	0
Bacteria	Bacteria	Bacillota	Negativicutes	Acidaminococcales	Acidaminococcaceae	Phascolarctobacterium	Phascolarctobacterium sp. Marseille-Q4147	0	0	0	16	0	0	0	0	0	0	0	0	0	0	0	0	0	0	0	0	0	0	0	0	0	0	0	0	0	0	0	0	0	0	0	110	400
Bacteria	Bacteria	Bacillota	Clostridia	Eubacteriales	Eubacteriaceae	Eubacterium	Eubacterium sp. MSJ-33	0	0	0	1	0	0	0	0	0	0	0	0	0	0	1	0	0	0	0	0	0	0	0	0	1	0	0	0	0	0	0	1	0	0	0	0	0
Bacteria	Bacteria	Bacteroidota	Bacteroidia	Bacteroidales	Bacteroidaceae	Bacteroides	Bacteroides sp. DH3716P	0	0	0	60	0	0	0	0	104	530	0	0	0	0	0	170	0	0	0	0	0	0	100	0	136	0	0	0	0	0	108	0	0	0	300	405	300
Archaea	Archaea	Euryarchaeota	Methanobacteria	Methanobacteriales	Methanobacteriaceae	Methanobrevibacter	Methanobrevibacter sp. TLL-48-HuF1	0	0	0	0	0	0	0	0	0	0	0	0	0	0	0	0	0	0	0	0	0	0	17	0	0	0	0	0	0	0	0	0	0	0	0	175	0
Bacteria	Bacteria	Bacillota	Clostridia	Lachnospirales	Lachnospiraceae	Blautia	Blautia parvula	0	0	0	0	0	0	0	146	1704	17	0	0	0	0	0	0	0	3	8	0	344	2494	28	0	22	4078	0	55	1	1456	3	3283	0	0	4419	1	0
Bacteria	Bacteria	Pseudomonadota	Gammaproteobacteria	Enterobacterales	Enterobacteriaceae	Salmonella	Salmonella enterica	0	0	769	0	0	0	34	0	0	0	0	0	0	0	0	0	0	0	0	0	0	0	0	0	0	0	28	0	358	711	0	1487	0	0	0	0	0
Bacteria	Bacteria	Pseudomonadota	Gammaproteobacteria	Enterobacterales	Enterobacteriaceae	Citrobacter	Citrobacter meridianamericanus	1	0	0	0	0	0	0	0	0	0	0	0	124	0	0	0	0	0	0	70	0	0	0	0	0	0	0	0	0	0	0	0	0	0	0	0	0
Bacteria	Bacteria	Bacteroidota	Bacteroidia	Bacteroidales	Bacteroidaceae	Bacteroides	Bacteroides helcogenes	0	0	0	0	1	0	0	0	0	0	0	0	0	0	0	0	0	0	0	0	0	0	5	0	0	1	0	0	0	0	0	0	0	0	0	0	0
Bacteria	Bacteria	Pseudomonadota	Gammaproteobacteria	Enterobacterales	Enterobacteriaceae	Enterobacter	Enterobacter cloacae complex sp. ECL414	0	0	0	0	0	0	0	0	0	0	0	0	0	0	0	0	0	0	0	0	376	0	0	0	0	0	0	0	0	0	0	0	0	0	0	0	0
Bacteria	Bacteria	Bacteroidota	Bacteroidia	Bacteroidales	Prevotellaceae	Prevotella	Prevotella sp. E9-3	0	0	0	0	0	0	0	0	0	0	0	0	0	0	0	0	0	0	0	0	0	0	0	0	0	0	0	0	0	0	2	0	0	0	0	0	0
Bacteria	Bacteria	Bacteroidota	Bacteroidia	Bacteroidales	Bacteroidaceae	Bacteroides	Bacteroides salyersiae	2	5	0	0	0	0	0	0	0	4171	4	8	8	3	0	0	9	0	0	0	0	0	0	0	0	0	0	0	0	0	5	0	2	0	0	2	107
Bacteria	Bacteria	Bacteroidota	Bacteroidia	Bacteroidales	Bacteroidaceae	Bacteroides	Bacteroides nordii	0	0	0	0	0	0	0	0	0	22	0	0	0	0	0	0	0	0	0	0	0	0	36	0	0	0	0	0	0	0	0	0	0	0	0	8	1
Bacteria	Bacteria	Verrucomicrobiota	Verrucomicrobiia	Verrucomicrobiales	Akkermansiaceae	Akkermansia	Akkermansia massiliensis	0	0	0	0	0	0	0	0	0	0	0	0	0	0	0	0	0	0	0	0	0	7	0	0	0	0	0	0	0	0	0	0	0	0	0	0	0
Bacteria	Bacteria	Bacillota	Clostridia	Eubacteriales	Oscillospiraceae	Flavonifractor	Flavonifractor plautii	595	252	2789	280	119	1981	924	2416	3022	1887	73	34	512	36	13	15	544	2825	265	340	120	1055	670	67	59	43	0	1342	681	2891	6	698	73	0	63	24	215
Bacteria	Bacteria	Bacillota	Clostridia	Eubacteriales	Oscillospiraceae	Faecalibacterium	Faecalibacterium sp. IP-1-18	158	0	2	320	4	0	5	132	0	116	0	75	0	52	0	0	0	0	81	37	0	0	471	84	0	19	0	0	0	1	185	0	0	0	0	305	0
Bacteria	Bacteria	Bacillota	Clostridia	Eubacteriales	Oscillospiraceae	Faecalibacterium	Faecalibacterium sp. IP-3-29	314	54	0	137	0	4	0	0	0	75	335	245	132	36	190	49	160	0	163	126	5	0	138	0	314	0	0	7	0	0	0	0	94	0	0	44	1211
Bacteria	Bacteria	Bacillota	Clostridia	Eubacteriales	Oscillospiraceae	Faecalibacterium	Faecalibacterium sp. I2-3-92	84	77	0	109	0	0	0	0	0	439	0	184	35	19	91	13	74	0	173	0	0	0	203	59	865	0	0	26	0	0	0	0	50	0	0	223	0
Bacteria	Bacteria	Bacillota	Clostridia	Eubacteriales	Oscillospiraceae	Faecalibacterium	Faecalibacterium sp. HTF-F	11	23	0	88	0	2	0	13	0	97	56	53	21	7	18	17	9	0	11	11	1	0	23	11	32	0	0	0	0	0	0	0	10	0	0	33	0
Bacteria	Bacteria	Bacillota	Clostridia	Eubacteriales	Oscillospiraceae	Faecalibacterium	Faecalibacterium sp. I3-3-33	18	4	0	15	0	0	0	0	0	8	6	5	0	4	5	0	11	0	6	3	0	0	22	6	9	0	0	0	0	0	0	0	5	0	0	36	0
Bacteria	Bacteria	Bacillota	Clostridia	Eubacteriales	Oscillospiraceae	Faecalibacterium	Faecalibacterium sp. I3-3-89	54	11	0	0	0	0	0	3	0	112	63	37	66	52	54	3	61	9	10	32	0	0	40	66	22	0	0	0	0	0	0	0	0	0	0	33	0
Bacteria	Bacteria	Bacillota	Clostridia	Eubacteriales	Oscillospiraceae	Faecalibacterium	Faecalibacterium sp. I4-1-79	130	25	0	21	0	0	0	0	0	47	76	64	0	51	7	14	39	0	44	0	1	0	24	54	154	0	0	0	0	0	0	0	24	0	0	54	0
Bacteria	Bacteria	Bacillota	Clostridia	Eubacteriales	Oscillospiraceae	Faecalibacterium	Faecalibacterium sp. I4-3-84	287	90	0	28	0	0	0	25	0	126	374	166	196	137	177	22	153	41	181	77	12	19	59	140	242	0	16	0	0	0	18	0	97	23	0	128	177
Bacteria	Bacteria	Bacillota	Clostridia	Eubacteriales	Clostridiaceae	Clostridium	Clostridium sp. BJN0001	0	0	0	0	0	0	1	0	0	0	0	0	0	0	0	0	0	0	0	0	0	0	0	0	0	0	0	0	0	0	0	0	0	0	0	0	0
Bacteria	Bacteria	Bacillota	Clostridia	Lachnospirales	Lachnospiraceae	Lachnoclostridium	[Clostridium] scindens	22	42	1	3118	421	4546	90	232	643	86	25	42	37	24	23	18	29	62	13	43	3	2931	60	34	32	2084	2	3277	0	12	149	2675	39	12	3839	34	69
Bacteria	Bacteria	Bacillota	Erysipelotrichia	Erysipelotrichales	Coprobacillaceae	Thomasclavelia	Thomasclavelia spiroformis	0	1	0	0	0	1	9	0	96	49	0	0	0	0	0	0	0	96	1	12	0	18	2	0	0	0	148	1	0	0	0	0	0	0	0	107	0
Bacteria	Bacteria	Bacillota	Bacilli	Lactobacillales	Streptococcaceae	Streptococcus	Streptococcus alactolyticus	0	0	5	0	0	0	0	0	0	0	0	0	0	0	0	0	0	0	0	0	0	0	0	0	0	0	0	0	0	0	0	11	0	0	0	0	0
Bacteria	Bacteria	Bacillota	Erysipelotrichia	Erysipelotrichales	Erysipelotrichaceae	Allocoprobacillus	Allocoprobacillus halotolerans	0	0	0	0	2	0	7	0	0	0	0	0	0	0	0	0	0	1	0	0	0	10	1	0	1	0	0	8	0	0	0	0	0	0	0	0	0
Bacteria	Bacteria	Pseudomonadota	Betaproteobacteria	Burkholderiales	Oxalobacteraceae	Oxalobacter	Oxalobacter aliiformigenes	0	0	0	0	0	0	0	0	0	0	0	0	0	0	0	0	0	0	0	0	0	0	4	0	0	0	0	0	0	0	0	0	0	0	0	0	0
Bacteria	Bacteria	Bacillota	Negativicutes	Veillonellales	Veillonellaceae	Veillonella	Veillonella parvula	0	0	943	0	0	0	0	0	0	0	0	0	0	0	0	0	0	0	0	0	0	3	0	0	66	0	0	0	0	76	0	325	0	0	1912	0	0
Bacteria	Bacteria	Bacteroidota	Bacteroidia	Bacteroidales	Tannerellaceae	Parabacteroides	Parabacteroides sp. AD58	0	0	0	0	0	1	0	31	0	0	0	0	0	0	0	0	0	0	0	0	1	0	0	0	0	0	0	0	0	0	0	0	0	0	0	0	0
Bacteria	Bacteria	Bacillota	Bacilli	Lactobacillales	Streptococcaceae	Streptococcus	Streptococcus sp. FSL K6-1323	0	0	0	0	0	0	0	0	0	1294	0	0	0	0	0	0	0	0	0	0	0	0	0	0	0	0	0	0	0	0	0	0	0	0	0	0	0
Bacteria	Bacteria	Bacillota	Bacilli	Lactobacillales	Streptococcaceae	Streptococcus	Streptococcus sp. FSL W7-1342	0	0	0	0	0	0	0	749	0	0	0	0	0	0	0	0	0	0	0	0	0	0	0	0	600	0	0	0	0	0	0	0	0	0	0	0	0
Viruses	Heunggongvirae	Uroviricota	Caudoviricetes	Crassvirales	Suoliviridae	Afonbuvirus	Afonbuvirus coli	0	0	0	0	0	0	0	0	0	0	0	0	0	0	0	0	0	0	0	0	0	0	0	0	6	0	0	0	0	0	0	0	0	0	0	0	0
Viruses	Heunggongvirae	Uroviricota	Caudoviricetes	Crassvirales	Suoliviridae	Blohavirus	Blohavirus americanus	0	0	0	0	0	0	0	0	0	0	0	0	0	0	0	0	0	0	0	0	0	0	0	0	8	0	0	0	0	0	0	0	0	0	0	0	0
Viruses	Heunggongvirae	Uroviricota	Caudoviricetes	Crassvirales	Suoliviridae	Canhaevirus	Canhaevirus faecalis	0	0	0	0	0	0	0	0	0	0	0	0	0	0	0	0	0	0	0	0	2	0	0	0	14	0	0	0	0	0	0	0	0	0	0	0	0
Viruses	Heunggongvirae	Uroviricota	Caudoviricetes	Crassvirales	Suoliviridae	Canhaevirus	Canhaevirus hiberniae	0	0	0	0	0	0	0	0	0	0	0	0	0	0	0	0	0	0	0	0	16	0	0	0	0	0	0	0	0	0	0	0	0	0	0	0	0
Viruses	Heunggongvirae	Uroviricota	Caudoviricetes	Crassvirales	Intestiviridae	Carjivirus	Carjivirus communis	0	0	0	0	0	0	0	0	0	0	0	0	0	0	0	0	0	0	0	0	0	0	0	0	0	0	0	0	0	0	65	0	0	47	0	0	0
Viruses	Heunggongvirae	Uroviricota	Caudoviricetes	Crassvirales	Suoliviridae	Cohcovirus	Cohcovirus hiberniae	0	0	0	0	0	0	0	0	0	0	0	0	0	0	0	0	0	0	0	0	0	0	0	0	0	0	0	0	0	0	0	0	0	0	0	2	0
Viruses	Heunggongvirae	Uroviricota	Caudoviricetes	Crassvirales	Suoliviridae	Cohcovirus	Cohcovirus splanchnicus	0	0	0	0	0	0	0	4	0	0	0	0	0	0	0	0	0	0	0	0	1	0	0	0	0	0	0	0	0	0	0	0	0	0	0	35	0
Viruses	Heunggongvirae	Uroviricota	Caudoviricetes	Crassvirales	Intestiviridae	Dabirmavirus	Dabirmavirus hominis	0	0	0	0	0	0	0	9	0	0	0	0	0	0	0	0	0	0	0	0	0	0	0	0	0	0	0	0	0	0	0	0	0	0	0	0	0
Viruses	Heunggongvirae	Uroviricota	Caudoviricetes	Crassvirales	Intestiviridae	Jahgtovirus	Jahgtovirus gastrointestinalis	0	0	0	33	0	0	0	0	0	0	0	0	0	0	0	0	0	0	0	0	0	0	0	0	0	0	0	0	0	0	0	0	0	0	0	0	0
Viruses	Heunggongvirae	Uroviricota	Caudoviricetes	Crassvirales	Intestiviridae	Jahgtovirus	Jahgtovirus intestinihominis	0	0	0	6	0	0	0	0	0	0	0	0	0	0	0	0	0	0	0	0	0	0	0	0	0	0	0	0	0	0	0	0	0	0	0	0	0
Viruses	Heunggongvirae	Uroviricota	Caudoviricetes	Crassvirales	Steigviridae	Kahnovirus	Kahnovirus copri	0	0	0	0	0	0	0	0	0	1	0	0	0	0	0	0	0	0	0	0	0	0	0	0	0	0	0	0	0	0	0	0	0	0	0	3	0
Viruses	Heunggongvirae	Uroviricota	Caudoviricetes	Crassvirales	Crevaviridae	Kingevirus	Kingevirus communis	0	0	0	0	0	0	0	0	0	0	0	0	0	0	0	0	0	0	0	0	0	0	0	0	0	0	0	0	0	0	7	0	0	0	0	0	0
Viruses	Heunggongvirae	Uroviricota	Caudoviricetes	Crassvirales	Steigviridae	Kolpuevirus	Kolpuevirus coli	0	0	0	49	0	0	0	0	0	0	0	0	0	0	0	0	0	0	0	0	0	0	0	0	0	0	0	0	0	0	13	0	0	0	0	0	0
Viruses	Heunggongvirae	Uroviricota	Caudoviricetes	Crassvirales	Steigviridae	Kolpuevirus	Kolpuevirus hominis	0	0	0	23	0	0	0	0	0	0	0	0	0	0	0	0	0	0	0	0	0	0	0	0	0	0	0	0	0	0	0	0	0	0	0	0	0
Bacteria	Bacteria	Bacillota	Bacilli	Lactobacillales	Streptococcaceae	Streptococcus	Streptococcus sp. FSL R7-0248	0	0	408	0	0	0	0	0	0	0	0	0	0	0	0	0	0	0	93	0	0	0	112	0	0	0	0	0	0	261	0	118	0	0	0	0	0
Bacteria	Bacteria	Bacillota	Clostridia	Eubacteriales	Clostridiaceae	Clostridium	Clostridium sp. LQ25	0	0	0	0	0	0	36	0	0	0	0	0	0	0	0	0	0	0	0	0	0	0	0	0	0	0	0	0	0	0	0	0	0	0	0	0	0
Bacteria	Bacteria	Pseudomonadota	Gammaproteobacteria	Enterobacterales	Enterobacteriaceae	Enterobacter	Enterobacter ludwigii	0	0	0	0	0	0	0	0	0	0	0	0	0	0	0	0	0	0	0	0	0	0	0	0	0	0	1232	0	0	0	0	0	0	0	0	0	0
Bacteria	Bacteria	Bacillota	Clostridia	Lachnospirales	Lachnospiraceae	Roseburia	Roseburia hominis	25	66	0	820	9	35	62	35	2635	672	43	20	35	26	77	58	14	2794	50	3	110	34	3113	10	63	4	0	107	0	1	0	4	18	0	11	1425	41
Bacteria	Bacteria	Bacillota	Clostridia	Lachnospirales	Lachnospiraceae	Claveliimonas	Claveliimonas bilis	2336	3042	0	0	0	2	0	1	0	1	1	0	2870	0	8	7	2989	694	2052	117	783	0	2	1289	4	0	0	13	0	0	0	0	1596	0	1	0	0
Bacteria	Bacteria	Bacillota	Clostridia	Eubacteriales	Oscillospiraceae	Amygdalobacter	Amygdalobacter nucleatus	0	0	0	0	0	0	0	2	0	0	0	0	0	0	0	0	0	0	0	0	0	0	0	0	0	0	0	0	0	0	0	0	0	0	0	0	0
Bacteria	Bacteria	Bacillota	Clostridia	Eubacteriales	Oscillospiraceae	Caproicibacterium	Caproicibacterium argilliputei	0	0	0	0	0	0	0	0	0	0	0	0	0	0	0	0	1	0	0	0	0	0	0	0	0	0	0	1	0	0	0	0	0	0	0	0	0
Bacteria	Bacteria	Bacillota	Clostridia	Eubacteriales	Oscillospiraceae	Faecalibacterium	Faecalibacterium taiwanense	2841	1002	0	93	0	0	0	78	0	562	2372	2275	1531	1965	1922	186	1740	53	106	1021	0	0	1115	1725	930	0	0	0	0	0	118	0	656	0	0	528	177
Bacteria	Bacteria	Bacillota	Clostridia	Lachnospirales	Lachnospiraceae	Anaerostipes	Anaerostipes sp. PC18	0	0	0	0	0	1	104	0	824	0	0	0	0	0	0	0	0	0	0	0	1	0	0	0	0	6	0	72	0	0	0	0	0	0	0	0	0
Bacteria	Bacteria	Bacillota	Clostridia	Eubacteriales	Clostridiaceae	Proteiniclasticum	Proteiniclasticum sp. QWL-01	0	0	0	0	0	0	1	0	0	0	0	0	0	0	0	0	0	0	0	0	0	0	0	0	0	0	0	0	0	0	0	0	0	0	0	0	0
Bacteria	Bacteria	Bacillota	Negativicutes	Selenomonadales	Selenomonadaceae	Selenobaculum	Selenobaculum gibii	0	0	0	0	0	0	0	0	0	0	0	0	0	0	0	0	0	0	0	0	0	0	0	0	0	0	0	0	0	0	0	572	0	0	263	0	0
Bacteria	Bacteria	Actinomycetota	Actinomycetes	Actinomycetales	Actinomycetaceae	Schaalia	Schaalia sp. HMT-172	0	0	0	0	0	19	0	0	0	4	0	0	0	0	0	0	0	0	0	0	0	0	4	0	0	351	0	0	0	0	0	0	0	0	0	0	0
Bacteria	Bacteria	Synergistota	Synergistia	Synergistales	Dethiosulfovibrionaceae	Pyramidobacter	Pyramidobacter sp. YE332	0	0	0	0	0	0	0	0	0	0	0	0	0	0	0	0	0	0	0	0	0	0	0	0	0	0	0	0	0	15	0	0	0	0	0	0	3
Bacteria	Bacteria	Bacillota	Clostridia	Eubacteriales	Butyricicoccaceae	Agathobaculum	Agathobaculum sp. NTUH-O15-33	0	0	0	0	0	0	0	21	0	2	0	0	0	0	0	0	1	3	0	5	14	0	6	0	0	0	0	0	0	0	0	0	0	0	0	4	10
Bacteria	Bacteria	Bacillota	Clostridia	Eubacteriales	Butyricicoccaceae	Intestinibacillus	Intestinibacillus sp. NTUH-41-i26	0	0	0	2	0	0	0	12	0	232	0	0	0	0	0	0	1	0	0	0	0	12	0	0	0	0	0	1	0	0	0	0	0	0	0	0	20
Bacteria	Bacteria	Bacillota	Bacilli	Lactobacillales	Streptococcaceae	Streptococcus	Streptococcus sp. S1	0	0	0	0	0	0	0	0	0	0	0	0	0	0	0	0	0	0	0	0	0	0	0	0	0	181	0	0	0	0	0	0	0	0	0	0	0
Bacteria	Bacteria	Bacillota	Bacilli	Lactobacillales	Streptococcaceae	Streptococcus	Streptococcus sp. S5	0	0	89	0	0	0	0	0	0	24	0	0	0	0	0	0	0	0	0	0	0	0	0	0	0	0	0	0	0	73	0	34	0	0	0	24	0
Bacteria	Bacteria	Bacillota	Clostridia	Peptostreptococcales	Anaerovoracaceae	Emergencia	Emergencia sp. JLR.KK010	0	0	0	0	0	0	0	0	0	0	0	0	0	0	0	0	0	0	0	0	0	0	0	0	0	0	2	0	0	0	0	0	0	0	0	0	0
Bacteria	Bacteria	Verrucomicrobiota	Verrucomicrobiia	Verrucomicrobiales	Akkermansiaceae	Akkermansia	Akkermansia sp. AE01SA01	2	9	0	0	0	0	0	0	0	0	0	0	0	0	0	0	10	6	0	2058	0	0	0	0	0	0	0	0	0	0	0	0	0	0	0	0	0
Bacteria	Bacteria	Bacteroidota	Bacteroidia	Bacteroidales	Bacteroidaceae	Bacteroides	Bacteroides sp. MSB163	0	0	0	0	0	0	0	6	0	70	0	0	0	0	0	0	0	0	0	0	0	0	278	0	13	0	0	0	0	0	0	0	0	0	0	8	59
Bacteria	Bacteria	Bacillota	Clostridia	Lachnospirales	Lachnospiraceae	Kineothrix	Kineothrix sp. IPX-CK	0	0	1	0	0	0	0	0	0	0	0	0	0	0	0	0	0	0	0	0	0	0	0	0	0	0	0	0	0	0	0	0	0	0	0	0	0
Bacteria	Bacteria	Bacillota	Bacilli	Lactobacillales	Lactobacillaceae	Limosilactobacillus	Limosilactobacillus sp. WILCCON 0051	0	0	0	0	0	0	0	0	0	0	0	0	0	0	0	0	0	0	0	0	7	0	0	0	0	0	0	0	0	0	0	0	0	0	0	0	0
Bacteria	Bacteria	Bacillota	Bacilli	Lactobacillales	Streptococcaceae	Streptococcus	Streptococcus gallolyticus	0	0	0	0	0	0	0	0	0	0	0	0	0	0	0	0	0	0	0	0	0	0	0	0	0	41	0	0	0	0	0	0	0	0	0	0	0
Bacteria	Bacteria	Bacillota	Bacilli	Lactobacillales	Streptococcaceae	Streptococcus	Streptococcus sp. KHUD_010	0	0	0	0	0	0	0	0	0	0	0	0	0	0	0	0	0	0	0	0	1896	0	0	0	0	583	0	0	0	0	0	0	0	0	0	0	0
Bacteria	Bacteria	Bacillota	Bacilli	Lactobacillales	Streptococcaceae	Streptococcus	Streptococcus sp. ZY1909104	0	0	0	0	0	0	0	0	0	0	0	0	0	0	0	0	0	0	0	0	0	0	0	0	38	0	0	0	0	23	0	0	0	0	0	0	0
Bacteria	Bacteria	Bacillota	Bacilli	Lactobacillales	Streptococcaceae	Streptococcus	Streptococcus sp. CP1998	0	0	0	0	0	0	0	0	0	0	0	0	0	0	0	0	0	0	0	0	0	0	0	0	0	56	0	0	0	32	0	0	0	0	0	0	0
Bacteria	Bacteria	Bacteroidota	Bacteroidia	Bacteroidales	Tannerellaceae	Parabacteroides	Parabacteroides goldsteinii	0	0	0	306	0	2	0	0	0	0	0	0	0	0	0	0	0	0	0	0	1	0	12	0	1	0	0	0	0	0	2	0	0	1	0	434	292
Bacteria	Bacteria	Bacteroidota	Bacteroidia	Bacteroidales	Rikenellaceae	Alistipes	Alistipes onderdonkii	20	0	0	508	0	0	0	3239	0	678	15	11	16	28	6	29	0	0	0	0	2588	0	162	0	19	0	0	0	0	0	2505	0	0	82	0	582	1125
Bacteria	Bacteria	Bacteroidota	Bacteroidia	Bacteroidales	Rikenellaceae	Alistipes	Alistipes shahii	0	0	0	768	0	0	0	0	0	2765	0	0	0	0	1	0	0	0	0	0	17	0	1867	0	1642	25	0	0	0	0	4	0	0	0	0	727	1323
Bacteria	Bacteria	Bacteroidota	Bacteroidia	Bacteroidales	Bacteroidaceae	Bacteroides	Bacteroides intestinalis	0	0	0	0	0	0	0	1	0	1	0	0	0	0	0	0	0	0	0	0	0	0	6	0	1443	0	0	0	0	0	0	0	0	0	0	12	3
Bacteria	Bacteria	Bacillota	Negativicutes	Acidaminococcales	Acidaminococcaceae	Phascolarctobacterium	Phascolarctobacterium faecium	0	0	0	0	0	0	0	1830	0	0	0	0	0	1	0	0	0	0	0	0	0	0	1100	0	0	0	0	0	0	0	0	0	0	0	0	0	0
Bacteria	Bacteria	Bacillota	Tissierellia	Tissierellales	Peptoniphilaceae	Parvimonas	Parvimonas micra	0	0	0	7	0	0	0	0	0	0	0	0	0	0	0	0	0	0	0	0	0	0	0	0	0	0	0	0	0	0	25	0	0	0	0	0	0
Bacteria	Bacteria	Bacillota	Tissierellia	Tissierellales	Peptoniphilaceae	Anaerococcus	Anaerococcus prevotii	0	0	0	0	0	0	0	0	0	0	0	0	0	0	0	0	0	0	0	0	0	0	0	0	0	93	0	0	0	0	0	0	0	0	0	0	0
Bacteria	Bacteria	Bacillota	Clostridia	Lachnospirales	Lachnospiraceae	Blautia	Blautia producta	21	18	11	0	98	19	637	136	13	0	3	3	18	4	3	33	42	10	759	19	20	55	11	17	8	92	0	825	4	41	0	59	6	0	140	3	9
Bacteria	Bacteria	Bacillota	Clostridia	Lachnospirales	Lachnospiraceae	Mediterraneibacter	Mediterraneibacter gnavus	94	165	180	25	25	59	41	43	297	931	214	71	889	39	1047	613	148	231	176	18	127	2067	3726	47	60	816	0	2258	34	2030	7	2038	11	0	1157	176	39
Bacteria	Bacteria	Bacillota	Clostridia	Lachnospirales	Lachnospiraceae	Mediterraneibacter	[Ruminococcus] torques	2599	2819	1	507	212	1434	4	3978	191	1913	2240	3223	500	1631	3402	3995	1985	2367	748	2778	250	2756	1672	3269	3319	35	0	235	0	0	966	0	1461	4	2	1550	699
Bacteria	Bacteria	Bacillota	Clostridia	Lachnospirales	Lachnospiraceae	Coprococcus	Coprococcus eutactus	0	0	0	0	0	0	0	0	0	0	0	0	0	0	3	0	1	1	0	0	0	0	0	0	17	0	0	0	0	0	0	0	0	0	0	1	0
Bacteria	Bacteria	Bacillota	Clostridia	Lachnospirales	Lachnospiraceae	Enterocloster	Enterocloster asparagiformis	133	479	0	1	0	5	16	28	72	0	33	15	466	1	23	65	160	1270	1049	82	1	0	35	240	0	0	29	46	0	0	15	0	23	7	1	6	166
Bacteria	Bacteria	Bacteroidota	Bacteroidia	Bacteroidales	Bacteroidaceae	Bacteroides	Bacteroides finegoldii	0	0	0	0	0	0	0	0	0	395	0	0	0	8	8	3	0	0	0	0	16	0	1292	0	95	4	0	0	0	0	0	0	0	0	11	7	0
Bacteria	Bacteria	Bacillota	Bacilli	Lactobacillales	Enterococcaceae	Enterococcus	Enterococcus avium	0	0	1	0	4691	5220	0	0	0	0	0	0	0	0	0	0	0	0	0	0	0	0	0	0	0	0	0	0	0	0	0	0	0	0	0	0	0
Bacteria	Bacteria	Bacillota	Bacilli	Lactobacillales	Lactobacillaceae	Lactobacillus	Lactobacillus johnsonii	0	0	1	0	0	0	0	0	0	0	0	0	0	0	0	0	0	0	0	0	150	0	0	0	0	0	0	0	0	1	0	0	0	0	0	0	0
Bacteria	Bacteria	Bacillota	Bacilli	Lactobacillales	Lactobacillaceae	Leuconostoc	Leuconostoc pseudomesenteroides	0	0	0	0	0	0	0	0	0	0	0	0	0	0	0	0	0	0	0	0	0	0	1	0	0	0	0	0	0	0	0	0	0	0	0	0	0
Bacteria	Bacteria	Pseudomonadota	Gammaproteobacteria	Enterobacterales	Enterobacteriaceae	Citrobacter	Citrobacter amalonaticus	0	0	148	0	0	0	138	0	0	0	0	0	0	0	0	0	0	0	0	0	0	0	0	0	0	0	0	0	0	135	0	246	0	0	0	0	0
Bacteria	Bacteria	Bacteroidota	Bacteroidia	Bacteroidales	Bacteroidaceae	Phocaeicola	Phocaeicola dorei	46	36	0	89	0	0	0	95	0	1751	39	42	30	40	28	60	36	0	0	14	1540	0	45	9	321	128	219	0	0	0	309	0	48	94	8	234	3098
Bacteria	Bacteria	Bacillota	Bacilli	Lactobacillales	Enterococcaceae	Enterococcus	Enterococcus lactis	0	0	0	0	0	0	0	0	0	0	0	0	0	0	0	0	0	0	0	0	0	0	0	0	0	470	0	0	0	0	0	0	0	0	0	0	0
Bacteria	Bacteria	Bacillota	Clostridia	Peptostreptococcales	Peptostreptococcaceae	Terrisporobacter	Terrisporobacter glycolicus	0	0	0	0	0	0	0	0	0	0	0	0	0	0	0	0	0	0	0	0	0	0	0	0	0	0	0	0	0	15	0	0	0	0	0	0	0
Bacteria	Bacteria	Bacteroidota	Bacteroidia	Bacteroidales	Bacteroidaceae	Bacteroides	Bacteroides xylanisolvens	0	0	0	24	0	0	0	2718	48	2908	0	0	0	10	0	6	0	0	0	0	14	0	533	0	77	97	0	0	0	0	43	0	0	39	3243	128	446
Bacteria	Bacteria	Bacteroidota	Bacteroidia	Bacteroidales	Bacteroidaceae	Phocaeicola	Phocaeicola salanitronis	0	0	0	0	0	0	0	0	0	11	5	6	5	2	1	0	0	0	0	0	1	0	1	0	111	2	0	0	0	0	0	0	0	0	0	0	2
Bacteria	Bacteria	Bacillota	Bacilli	Lactobacillales	Enterococcaceae	Enterococcus	Enterococcus casseliflavus	0	0	13	0	0	0	0	0	0	0	0	0	0	0	0	0	0	0	0	0	0	0	0	0	0	0	0	0	0	30	0	7	0	0	0	0	0
Bacteria	Bacteria	Bacteroidota	Bacteroidia	Bacteroidales	Bacteroidaceae	Phocaeicola	Phocaeicola coprophilus	0	0	0	0	0	0	0	0	0	0	0	0	0	0	1	2	0	0	0	0	3	0	0	0	1	2	0	0	3	0	0	2	0	0	0	5	0
Bacteria	Bacteria	Bacteroidota	Bacteroidia	Bacteroidales	Tannerellaceae	Parabacteroides	Parabacteroides johnsonii	23	25	0	1	0	0	0	0	0	0	20	38	34	8	0	0	44	0	0	0	1	0	0	1	1	0	0	0	0	0	0	0	8	0	0	6	0
Bacteria	Bacteria	Bacillota	Clostridia	Lachnospirales	Lachnospiraceae	Lachnospira	Lachnospira eligens	927	1055	1	120	1	0	0	2	0	1	1091	1013	757	1050	1075	265	1050	1095	286	414	3	1	451	950	59	0	0	3	0	1	0	0	504	0	0	404	4
Bacteria	Bacteria	Bacillota	Clostridia	Lachnospirales	Lachnospiraceae	Dorea	Dorea formicigenerans	5	1	0	1519	7	0	2129	0	0	2741	0	0	1	3	1	0	0	1	1	1	998	1	2601	1	684	6	8	0	0	0	0	1	5	0	0	3025	931
Bacteria	Bacteria	Bacillota	Clostridia	Lachnospirales	Lachnospiraceae	Anaerobutyricum	Anaerobutyricum hallii	2960	2705	2	4413	6	4	1	37	0	763	2990	2381	2094	2059	363	1571	1214	35	912	1222	3079	746	3081	1845	2662	143	2	4	2	9	25	9	1169	5	5	2481	1181
Bacteria	Bacteria	Bacillota	Clostridia	Lachnospirales	Lachnospiraceae	Agathobacter	Agathobacter rectalis	1897	2748	704	2940	8	11	5	217	1	1556	3101	1806	2707	1847	3173	2018	2428	1453	963	345	26	10	346	42	2815	54	2	32	12	126	6	136	102	0	68	2074	43
Bacteria	Bacteria	Bacillota	Clostridia	Eubacteriales	Eubacteriaceae	Eubacterium	Eubacterium ventriosum	11	1	0	34	0	0	0	0	0	15	16	8	10	3	15	7	11	50	1	0	0	0	43	8	2780	1	0	0	0	0	0	1	1	0	0	27	1
Bacteria	Bacteria	Bacillota	Negativicutes	Veillonellales	Veillonellaceae	Veillonella	Veillonella atypica	0	0	731	0	0	0	0	0	0	3	0	0	0	0	0	0	0	0	0	0	0	0	1	0	1	0	0	0	0	32	0	641	0	0	459	0	0
Bacteria	Bacteria	Bacillota	Negativicutes	Veillonellales	Veillonellaceae	Veillonella	Veillonella dispar	0	0	5	0	0	0	0	0	0	0	0	0	0	0	0	0	0	0	0	0	0	0	0	0	0	0	0	0	0	0	0	65	0	0	87	0	0
Bacteria	Bacteria	Bacteroidota	Bacteroidia	Bacteroidales	Barnesiellaceae	Barnesiella	Barnesiella viscericola	0	0	0	0	0	0	0	0	0	0	0	0	0	0	0	0	0	0	0	0	0	0	0	0	2	0	0	0	0	0	0	0	0	0	0	0	1
Bacteria	Bacteria	Bacillota	Negativicutes	Veillonellales	Veillonellaceae	Dialister	Dialister pneumosintes	0	0	0	0	0	0	0	0	0	0	0	0	0	0	0	0	0	0	0	0	0	0	0	0	0	0	0	0	0	0	0	0	0	0	81	0	0
Bacteria	Bacteria	Bacillota	Clostridia	Lachnospirales	Lachnospiraceae	Blautia	Blautia obeum	1277	2856	1	3146	0	20	8	58	1	2792	3109	2216	2850	450	3147	1148	2965	2340	1500	1507	683	13	124	1500	1289	2297	0	11	0	0	0	1	2202	0	6	578	4038
Bacteria	Bacteria	Pseudomonadota	Betaproteobacteria	Burkholderiales	Sutterellaceae	Sutterella	Sutterella wadsworthensis	0	0	0	0	0	0	0	0	0	0	0	0	0	0	0	0	0	0	0	0	0	0	0	0	0	0	0	0	0	0	0	0	0	0	0	19	0
Bacteria	Bacteria	Bacillota	Clostridia	Lachnospirales	Lachnospiraceae	Coprococcus	Coprococcus comes	1	0	0	2309	5	837	0	3	1	3499	7	3	1	3	3	4	1	1	5	3	5	1	14	3	3356	0	1	85	0	0	3	0	3	0	1	2364	2063
Bacteria	Bacteria	Bacillota	Clostridia	Eubacteriales	Oscillospiraceae	Faecalibacterium	Faecalibacterium duncaniae	295	143	0	464	0	0	0	30	0	469	379	305	182	163	126	56	250	240	54	54	67	0	220	170	379	0	17	0	0	0	26	0	23	0	0	283	237
Bacteria	Bacteria	Bacillota	Clostridia	Eubacteriales	Clostridiaceae	Clostridium	Clostridium sp. M62/1	14	6	0	0	0	2	4	1233	3	73	27	20	14	15	64	12	5	31	6	0	2	25	29	15	21	0	0	28	0	0	21	0	2	0	0	54	33
Bacteria	Bacteria	Bacillota	Clostridia	Lachnospirales	Lachnospiraceae	Blautia	Blautia wexlerae	1044	1615	37	1950	1756	1741	230	46	1014	3371	1502	2995	550	2291	1975	1921	1289	789	559	839	461	820	2779	1778	4082	613	0	109	12	80	0	153	1697	0	290	3486	490
Bacteria	Bacteria	Bacillota	Negativicutes	Veillonellales	Veillonellaceae	Veillonella	Veillonella rogosae	0	0	10	0	0	0	0	0	0	0	0	0	0	0	0	0	0	0	0	0	0	0	2	0	0	0	0	0	0	0	0	0	0	0	8	0	0
Bacteria	Bacteria	Bacillota	Clostridia	Lachnospirales	Lachnospiraceae	Anaerocolumna	Anaerocolumna cellulosilytica	0	0	0	0	0	2	0	0	0	0	0	0	0	0	0	0	0	0	0	0	0	0	0	0	0	0	0	0	0	0	0	0	0	0	0	0	0
Bacteria	Bacteria	Actinomycetota	Actinomycetes	Micrococcales	Micrococcaceae	Rothia	Rothia mucilaginosa	0	0	0	0	0	0	0	0	0	2	0	0	0	0	0	0	0	0	0	0	4	0	0	0	0	0	2	0	0	0	0	0	0	0	0	23	0
Bacteria	Bacteria	Bacillota	Negativicutes	Selenomonadales	Selenomonadaceae	Megamonas	Megamonas funiformis	0	0	0	0	0	0	0	0	0	0	0	0	0	0	0	0	0	0	0	0	0	0	0	0	0	0	0	0	0	0	0	0	0	0	0	0	3
Bacteria	Bacteria	Bacillota	Clostridia	Eubacteriales	Oscillospiraceae	Ruminococcus	Ruminococcus gauvreauii	0	0	0	0	0	0	0	0	0	0	0	0	0	0	0	1	0	0	0	0	0	6	0	0	0	0	0	0	0	0	0	1	1	0	20	0	2
Bacteria	Bacteria	Bacillota	Bacilli	Lactobacillales	Enterococcaceae	Enterococcus	Enterococcus cecorum	0	0	0	0	0	0	0	0	0	0	0	0	0	0	0	0	0	0	0	0	0	2	1	0	0	0	0	0	0	0	0	1	0	0	0	0	0
Bacteria	Bacteria	Bacillota	Bacilli	Lactobacillales	Streptococcaceae	Lactococcus	Lactococcus sp.	0	0	125	0	0	0	0	0	0	0	0	0	0	0	0	0	0	0	0	0	0	0	0	0	0	0	0	0	0	0	0	0	0	0	96	0	0
Bacteria	Bacteria	Actinomycetota	Coriobacteriia	Eggerthellales	Eggerthellaceae	Adlercreutzia	Adlercreutzia equolifaciens	41	17	0	311	0	0	0	0	0	122	30	44	31	15	33	20	30	44	10	16	80	0	80	42	105	0	0	7	0	0	0	0	45	0	0	0	11
Bacteria	Bacteria	Bacteroidota	Bacteroidia	Bacteroidales	Dysgonomonadaceae	Dysgonomonas	Dysgonomonas capnocytophagoides	0	0	0	0	0	0	0	0	0	0	0	0	0	0	0	0	0	0	0	0	0	74	0	0	0	0	0	0	0	0	0	0	0	0	0	0	0
Bacteria	Bacteria	Bacteroidota	Bacteroidia	Bacteroidales	Prevotellaceae	Paraprevotella	Paraprevotella clara	0	0	0	0	0	0	0	37	5	0	0	0	0	0	0	0	0	0	0	0	0	0	8	0	0	0	0	0	0	0	0	0	0	0	0	54	772
Bacteria	Bacteria	Bacteroidota	Bacteroidia	Bacteroidales	Prevotellaceae	Paraprevotella	Paraprevotella xylaniphila	0	0	0	0	0	0	0	0	0	0	1	1	1	3	0	2	0	0	0	0	0	0	1	0	0	0	0	0	0	0	0	0	0	0	0	2	163
Bacteria	Bacteria	Bacillota	Clostridia	Lachnospirales	Lachnospiraceae	Butyrivibrio	Butyrivibrio crossotus	2	7	1	6	1	0	0	5	0	0	0	0	2	0	4	2	12	5	8	2	1	0	5	2	9	0	0	6	0	0	0	2	0	0	0	1	1
Bacteria	Bacteria	Bacillota	Bacilli	Lactobacillales	Carnobacteriaceae	Granulicatella	Granulicatella adiacens	0	0	0	0	0	0	0	0	0	0	0	0	0	0	1	0	0	0	0	0	0	0	0	0	0	3	0	0	0	0	0	1	0	0	0	0	0
Bacteria	Bacteria	Bacillota	Clostridia	Lachnospirales	Lachnospiraceae	Mediterraneibacter	[Ruminococcus] lactaris	8	8	1	2	0	4	0	2102	0	5	7	10	4	7	12	10	4	1	4	9	3	6	773	9	20	2	2	0	3	2	4	5	7	0	0	4	13
Bacteria	Bacteria	Bacteroidota	Bacteroidia	Bacteroidales	Tannerellaceae	Parabacteroides	Parabacteroides merdae	1785	2330	0	4164	0	0	0	1525	0	705	2228	2059	2765	777	19	83	2873	0	0	0	3110	0	3236	221	4764	59	0	0	0	0	0	0	322	0	0	4146	266
Bacteria	Bacteria	Bacteroidota	Bacteroidia	Bacteroidales	Bacteroidaceae	Bacteroides	Bacteroides stercoris	0	0	0	1	0	0	0	0	116	107	0	0	0	0	0	0	0	0	0	0	1181	0	439	0	2478	10	0	0	0	0	1	0	0	0	0	2149	0
Bacteria	Bacteria	Bacillota	Tissierellia	containing Ezakiella	containing Ezakiella	Ezakiella	Ezakiella coagulans	0	0	0	0	0	0	0	0	0	0	0	0	0	0	0	0	0	0	0	0	0	0	0	0	0	1	0	0	0	0	0	0	0	0	0	0	0
Bacteria	Bacteria	Actinomycetota	Coriobacteriia	Eggerthellales	Eggerthellaceae	Gordonibacter	Gordonibacter pamelaeae	63	89	0	58	0	0	43	2	0	89	64	37	70	24	23	45	84	84	71	20	0	0	64	73	402	15	0	0	0	0	0	0	79	0	0	0	103
Bacteria	Bacteria	Bacillota	Bacilli	Lactobacillales	Lactobacillaceae	Limosilactobacillus	Limosilactobacillus panis	0	0	0	0	0	0	0	0	0	0	0	0	0	0	0	0	0	6	0	0	0	0	0	0	0	0	0	0	0	0	0	0	0	0	0	0	0
Bacteria	Bacteria	Bacteroidota	Bacteroidia	Bacteroidales	Bacteroidaceae	Bacteroides	Bacteroides caccae	0	0	0	158	0	0	0	34	241	4681	0	0	1	1	0	1	0	0	0	0	412	0	4102	0	3804	0	0	0	0	0	746	0	0	56	2	1752	97
Bacteria	Bacteria	Bacillota	Bacilli	Lactobacillales	Lactobacillaceae	Lacticaseibacillus	Lacticaseibacillus rhamnosus	0	0	9	0	1895	1040	1696	0	0	0	0	0	0	0	0	0	2	0	1873	0	3322	11	0	0	0	3122	0	98	0	6	0	0	0	0	0	0	0
Bacteria	Bacteria	Bacillota	Bacilli	Lactobacillales	Lactobacillaceae	Lactobacillus	Lactobacillus crispatus	0	0	0	0	0	0	0	0	0	0	0	0	0	0	0	0	0	0	0	0	0	0	0	0	9	67	0	0	0	1	0	0	0	0	0	0	0
Bacteria	Bacteria	Actinomycetota	Coriobacteriia	Eggerthellales	Eggerthellaceae	Eggerthella	Eggerthella sp. YY7918	0	0	0	2	2	2	1	0	0	1	0	0	0	0	1	0	0	0	0	0	0	0	7	0	0	0	0	0	0	0	0	0	0	0	0	26	0
Bacteria	Bacteria	Bacillota	Clostridia	Eubacteriales	Oscillospiraceae	Subdoligranulum	uncultured Subdoligranulum sp.	1	0	0	14	0	0	0	6	0	1	0	0	0	2	0	5	0	6	0	4	1	9	2	2	20	0	0	9	0	0	0	0	0	0	0	23	6
Bacteria	Bacteria	Bacillota	Clostridia	Eubacteriales	Peptococcaceae	Dehalobacterium	Dehalobacterium formicoaceticum	0	0	0	0	0	0	14	0	0	0	0	0	0	0	0	0	0	0	0	0	0	1	0	0	0	0	0	0	0	0	0	0	0	0	0	0	0
Bacteria	Bacteria	Bacillota	Bacilli	Lactobacillales	Lactobacillaceae	Lapidilactobacillus	Lapidilactobacillus dextrinicus	0	0	0	0	0	0	0	0	0	0	0	0	0	0	0	0	0	0	0	0	0	0	0	0	0	0	0	0	4	0	0	4	0	0	0	0	0
Bacteria	Bacteria	Bacteroidota	Bacteroidia	Bacteroidales	Prevotellaceae	Prevotella	Prevotella dentalis	0	0	0	0	0	0	0	0	0	0	0	0	0	0	0	0	0	2	0	0	0	0	0	0	0	0	0	0	0	0	0	0	0	0	0	0	0
Bacteria	Bacteria	Bacillota	Bacilli	Lactobacillales	Enterococcaceae	Enterococcus	Enterococcus durans	0	0	0	0	0	0	124	0	0	0	0	0	0	0	0	0	0	0	0	0	0	0	0	0	0	0	0	0	0	0	0	0	0	0	0	0	0
Bacteria	Bacteria	Bacillota	Clostridia	Eubacteriales	Eubacteriaceae	Eubacterium	Eubacterium callanderi	6	9	0	1	2	1	0	26	1	2	4	0	2	0	1	2	4	0	5	2	4	6	14	1	3	6	0	7	0	1	0	1	0	0	0	7	5
Bacteria	Bacteria	Bacillota	Clostridia	Lachnospirales	Lachnospiraceae	Blautia	Blautia hydrogenotrophica	0	1	0	925	2484	3129	678	19	0	249	0	0	0	0	0	0	0	1	0	1	1	1273	3104	0	0	1594	0	2112	0	0	4	0	0	0	0	1155	3
Bacteria	Bacteria	Bacillota	Clostridia	Eubacteriales	Oscillospiraceae	Subdoligranulum	uncultured Alistipes sp.	0	0	0	0	0	0	0	0	0	0	0	0	0	0	1	1	0	0	0	0	0	0	1	1	28	0	0	0	0	0	0	0	0	0	0	3	7
Bacteria	Bacteria	Pseudomonadota	Gammaproteobacteria	Enterobacterales	Enterobacteriaceae	Enterobacter	Enterobacter mori	0	0	0	0	0	0	0	0	0	0	0	0	0	0	0	0	0	0	0	0	0	0	0	0	0	0	57	0	0	0	0	0	0	0	0	0	0
Bacteria	Bacteria	Pseudomonadota	Gammaproteobacteria	Enterobacterales	Enterobacteriaceae	Raoultella	Raoultella ornithinolytica	0	944	0	0	0	0	0	0	0	0	0	0	0	0	0	0	0	0	0	0	0	0	0	0	0	0	0	0	0	0	0	0	0	0	0	0	0
Bacteria	Bacteria	Actinomycetota	Actinomycetes	Actinomycetales	Actinomycetaceae	Actinomyces	Actinomyces oris	0	2	0	0	0	0	0	0	0	0	0	0	0	0	0	0	2	0	0	0	0	0	0	0	0	0	0	0	0	0	0	0	3	0	0	0	0
Bacteria	Bacteria	Bacteroidota	Bacteroidia	Bacteroidales	Odoribacteraceae	Butyricimonas	Butyricimonas virosa	0	0	0	449	0	0	0	404	5	0	0	0	0	0	0	0	0	0	0	0	0	0	12	0	1	3	0	0	0	0	7	0	0	0	0	109	220
Bacteria	Bacteria	Pseudomonadota	Gammaproteobacteria	Enterobacterales	Enterobacteriaceae	Citrobacter	Citrobacter freundii	0	0	410	0	0	0	0	0	0	0	0	0	0	0	0	0	0	0	0	86	0	0	0	0	0	0	0	0	0	709	0	1052	0	0	0	0	0
Bacteria	Bacteria	Pseudomonadota	Gammaproteobacteria	Enterobacterales	Erwiniaceae	Pantoea	Pantoea ananatis	0	0	0	0	0	0	0	0	0	0	0	0	0	0	0	0	0	0	0	0	0	0	0	0	0	0	2	0	0	0	0	0	0	0	0	0	0
Bacteria	Bacteria	Bacteroidota	Bacteroidia	Bacteroidales	Bacteroidaceae	Bacteroides	Bacteroides sp. D2	0	0	0	9	0	0	0	0	0	50	0	0	0	0	0	0	0	0	0	0	0	0	105	0	7	46	0	0	0	0	0	0	0	0	0	166	46
Bacteria	Bacteria	Actinomycetota	Actinomycetes	Propionibacteriales	Propionibacteriaceae	Propionibacterium	Propionibacterium acidifaciens	0	0	7	0	0	0	0	0	0	0	0	0	0	0	0	0	0	0	0	0	0	0	0	0	0	0	0	0	0	0	0	0	0	0	0	0	0
Bacteria	Bacteria	Pseudomonadota	Gammaproteobacteria	Enterobacterales	Enterobacteriaceae	Escherichia	Escherichia coli	0	0	3182	2686	5189	715	4976	273	2349	25	0	0	0	0	0	0	0	66	7	0	1822	5575	0	0	0	2238	1120	0	1988	2517	1439	438	0	0	473	0	0
Bacteria	Bacteria	Pseudomonadota	Gammaproteobacteria	Enterobacterales	Enterobacteriaceae	Klebsiella	Klebsiella oxytoca	0	0	198	10	0	0	2	0	0	0	0	0	0	0	0	0	0	7	0	0	0	0	0	0	0	0	0	0	654	23	0	44	0	0	2	0	0
Bacteria	Bacteria	Pseudomonadota	Gammaproteobacteria	Enterobacterales	Enterobacteriaceae	Klebsiella	Klebsiella pneumoniae	0	0	105	0	0	0	0	220	0	0	0	0	1418	0	0	0	0	0	0	0	1469	0	0	0	0	0	263	0	0	4671	0	3197	0	0	0	0	0
Bacteria	Bacteria	Pseudomonadota	Gammaproteobacteria	Enterobacterales	Enterobacteriaceae	Citrobacter	Citrobacter braakii	0	0	0	0	0	0	0	0	0	0	0	0	0	0	0	0	0	34	0	0	0	0	0	0	0	0	0	0	0	161	0	0	0	0	0	0	0
Bacteria	Bacteria	Pseudomonadota	Gammaproteobacteria	Enterobacterales	Morganellaceae	Morganella	Morganella morganii	0	0	0	0	0	0	0	0	0	0	0	0	0	0	0	0	0	0	0	0	0	0	0	0	0	0	0	0	0	0	0	0	0	0	484	0	0
Bacteria	Bacteria	Actinomycetota	Actinomycetes	Mycobacteriales	Corynebacteriaceae	Corynebacterium	Corynebacterium pyruviciproducens	0	0	0	0	0	0	0	0	0	0	0	0	0	0	0	0	0	0	0	0	0	0	1	0	0	0	0	0	0	0	0	0	0	0	0	0	0
Bacteria	Bacteria	Pseudomonadota	Gammaproteobacteria	Enterobacterales	Yersiniaceae	Serratia	Serratia marcescens	0	0	0	0	0	0	0	0	0	0	0	0	0	0	0	0	0	0	0	0	0	0	0	0	0	0	395	0	0	0	0	0	0	0	0	0	0
Bacteria	Bacteria	Pseudomonadota	Gammaproteobacteria	Enterobacterales	Enterobacteriaceae	Enterobacter	Enterobacter asburiae	0	0	0	0	0	0	0	0	0	0	0	0	0	0	0	0	0	0	0	0	1241	0	0	0	0	0	0	0	0	0	0	0	0	0	0	0	0
Bacteria	Bacteria	Bacteroidota	Bacteroidia	Bacteroidales	Rikenellaceae	Alistipes	Alistipes indistinctus	0	0	0	0	0	0	0	0	0	7	0	0	0	0	0	0	0	0	0	0	0	0	1	0	1	0	0	0	0	0	0	0	0	0	0	2	49
Bacteria	Bacteria	Bacillota	Clostridia	Christensenellales	Christensenellaceae	Christensenella	Christensenella minuta	0	0	0	4	0	0	0	0	1	0	0	0	0	0	1	0	0	1	0	0	0	0	0	0	0	0	0	0	0	0	0	0	0	0	0	0	2
Bacteria	Bacteria	Bacillota	Negativicutes	Acidaminococcales	Acidaminococcaceae	Phascolarctobacterium	Phascolarctobacterium succinatutens	0	0	0	1939	0	0	0	0	0	0	0	0	0	0	0	0	0	0	0	0	0	0	0	0	0	0	0	0	0	0	119	0	0	0	0	117	191
Bacteria	Bacteria	Thermodesulfobacteriota	Desulfovibrionia	Desulfovibrionales	Desulfovibrionaceae	Desulfovibrio	Desulfovibrio sp. G11	0	0	0	0	0	0	0	0	0	0	0	0	0	0	0	0	0	0	0	0	0	44	0	0	0	0	0	0	0	0	0	0	0	0	0	0	0
Bacteria	Bacteria	Synergistota	Synergistia	Synergistales	Dethiosulfovibrionaceae	Pyramidobacter	Pyramidobacter piscolens	0	0	0	0	0	0	0	0	0	0	0	0	0	0	0	0	0	0	0	0	0	0	0	0	0	0	0	0	0	2039	0	115	0	0	0	0	951
Bacteria	Bacteria	Bacillota	Clostridia	Lachnospirales	Lachnospiraceae	Anaerostipes	Anaerostipes hadrus	1859	587	0	2264	3	111	0	0	0	1312	3059	1213	2988	1921	551	1351	2057	165	2704	31	3	2553	2141	730	3000	22	0	2857	0	0	9	0	15	5	1	3203	3109
Bacteria	Bacteria	Pseudomonadota	Gammaproteobacteria	Aeromonadales	Aeromonadaceae	Aeromonas	Aeromonas allosaccharophila	0	0	21	0	0	0	0	0	0	0	0	0	0	0	0	0	0	0	0	0	0	0	0	0	0	0	0	0	43	15	0	0	0	0	0	0	0
Bacteria	Bacteria	Bacillota	Clostridia	Eubacteriales	Oscillospiraceae	Ruminococcus	Ruminococcus sp. SR1/5	46	37	0	414	0	4	0	326	0	500	21	51	17	57	39	27	41	0	0	62	51	0	830	55	406	48	0	15	0	0	0	0	78	0	0	399	682
Bacteria	Bacteria	Pseudomonadota	Alphaproteobacteria	Rhodospirillales	Acetobacteraceae	Komagataeibacter	Komagataeibacter oboediens	0	0	0	0	0	0	0	2	0	0	0	0	0	0	0	1	0	0	1	1	0	0	1	2	0	0	0	0	0	0	0	0	1	0	0	1	1
Bacteria	Bacteria	Bacteroidota	Bacteroidia	Bacteroidales	Bacteroidaceae	Bacteroides	Bacteroides faecis	0	4	0	32	0	8	0	218	0	2189	0	0	3	24	27	0	4	0	7	0	2399	0	3220	0	9	0	0	0	0	0	12	0	4	11	0	11	16
Bacteria	Bacteria	Pseudomonadota	Gammaproteobacteria	Enterobacterales	Enterobacteriaceae	Citrobacter	Citrobacter farmeri	0	0	3781	0	125	0	3534	0	0	0	0	0	0	0	0	0	0	0	0	0	0	0	0	0	0	0	0	0	497	3838	0	3726	0	0	0	0	0
Bacteria	Bacteria	Pseudomonadota	Gammaproteobacteria	Enterobacterales	Enterobacteriaceae	Citrobacter	Citrobacter werkmanii	0	0	296	0	0	0	0	0	0	0	0	0	0	0	0	0	0	0	0	0	0	0	0	0	0	0	0	0	0	86	0	124	0	0	0	0	0
Bacteria	Bacteria	Bacillota	Bacilli	Lactobacillales	Streptococcaceae	Streptococcus	Streptococcus lactarius	0	0	0	0	0	0	0	0	0	0	0	0	0	0	0	0	0	0	0	0	0	0	0	0	0	0	0	0	0	10	0	0	0	0	0	0	0
Bacteria	Bacteria	Pseudomonadota	Gammaproteobacteria	Enterobacterales	Enterobacteriaceae	Enterobacter	Enterobacter cancerogenus	0	0	0	0	0	0	0	0	0	0	0	0	0	0	0	0	0	0	0	0	0	0	0	0	0	0	14	0	0	0	0	0	0	0	0	0	0
Bacteria	Bacteria	Actinomycetota	Actinomycetes	Actinomycetales	Actinomycetaceae	Actinomyces	Actinomyces sp. oral taxon 171	0	0	0	0	0	0	39	0	0	0	0	0	0	0	0	0	0	0	0	0	0	0	0	0	0	0	0	0	0	0	0	0	0	0	0	0	0
Bacteria	Bacteria	Actinomycetota	Coriobacteriia	Coriobacteriales	Atopobiaceae	Atopobium	Atopobium sp. oral taxon 416	0	0	0	0	0	0	0	7	0	0	0	0	0	0	0	0	0	0	0	0	0	0	0	0	0	0	0	0	0	0	0	0	0	0	0	0	0
Bacteria	Bacteria	Bacillota	Bacilli	Lactobacillales	Streptococcaceae	Streptococcus	Streptococcus sp. oral taxon 431	0	0	0	0	0	0	0	0	0	0	0	0	0	0	0	0	0	0	0	0	0	0	0	0	0	0	0	0	0	0	0	0	0	0	0	9	0
Bacteria	Bacteria	Bacillota	Bacilli	Lactobacillales	Enterococcaceae	Enterococcus	Enterococcus raffinosus	0	0	0	0	4	4	0	0	0	0	0	0	0	0	0	0	0	0	0	0	0	0	0	0	0	0	0	0	0	0	0	0	0	0	0	0	0
Bacteria	Bacteria	Pseudomonadota	Gammaproteobacteria	Pasteurellales	Pasteurellaceae	Haemophilus	Haemophilus parainfluenzae	0	0	0	0	0	0	0	0	0	0	0	0	0	0	0	0	0	0	0	0	0	0	11	0	0	0	0	0	0	0	0	0	0	0	0	0	0
Bacteria	Bacteria	Actinomycetota	Coriobacteriia	Coriobacteriales	Coriobacteriaceae	Collinsella	Collinsella aerofaciens	0	0	0	99	0	0	0	0	79	58	0	0	0	0	0	0	0	0	0	0	0	130	759	0	1239	0	0	0	0	0	250	0	0	22	1146	953	813
Bacteria	Bacteria	Bacillota	Clostridia	Lachnospirales	Lachnospiraceae	Coprococcus	Coprococcus sp. ART55/1	0	0	0	0	0	0	0	0	0	0	4	2	0	3	0	0	0	1	1	2	1	2	8	1	530	1	0	1	0	1	0	0	1	0	1	0	1
Bacteria	Bacteria	Fusobacteriota	Fusobacteriia	Fusobacteriales	Fusobacteriaceae	Fusobacterium	Fusobacterium animalis	0	0	763	0	0	0	0	0	0	0	0	0	0	0	0	0	0	0	0	0	0	0	0	0	0	0	0	0	0	1466	0	1122	0	0	792	0	0
Bacteria	Bacteria	Bacillota	Bacilli	Lactobacillales	Streptococcaceae	Streptococcus	Streptococcus constellatus	0	0	0	0	0	0	0	0	0	0	0	0	0	0	0	0	0	0	0	0	0	0	0	0	0	54	0	0	0	0	0	0	0	0	0	0	0
Bacteria	Bacteria	Actinomycetota	Actinomycetes	Bifidobacteriales	Bifidobacteriaceae	Parascardovia	Parascardovia denticolens	0	0	2	0	0	0	0	0	0	0	0	0	0	0	0	0	0	0	0	0	0	0	0	0	0	0	0	0	0	0	0	0	0	0	0	0	0
Bacteria	Bacteria	Bacteroidota	Bacteroidia	Bacteroidales	Bacteroidaceae	Bacteroides	Bacteroides fragilis	0	0	0	23	5	55	11	4218	724	68	0	0	0	252	335	12	0	25	0	92	4866	112	132	0	81	69	0	11	0	0	35	0	0	0	0	55	1963
Bacteria	Bacteria	Bacteroidota	Bacteroidia	Bacteroidales	Bacteroidaceae	Bacteroides	Bacteroides thetaiotaomicron	0	0	0	2258	0	10	3	68	2	279	14	27	11	5037	6065	1	0	0	0	0	73	0	37	0	1408	70	0	6	209	0	1959	13	5	805	6414	274	2680
Bacteria	Bacteria	Bacteroidota	Bacteroidia	Bacteroidales	Bacteroidaceae	Bacteroides	Bacteroides uniformis	159	305	0	134	255	387	250	572	0	2144	190	218	126	210	108	69	179	0	5	394	1769	0	206	203	4506	1178	0	381	0	0	2649	0	4318	96	16	832	3846
Bacteria	Bacteria	Bacteroidota	Bacteroidia	Bacteroidales	Bacteroidaceae	Phocaeicola	Phocaeicola vulgatus	156	138	0	606	0	5	0	36	273	610	208	209	204	103	3022	3023	190	284	138	223	114	0	1282	187	3487	875	12	0	0	0	4257	0	66	1930	0	3533	1321
Bacteria	Bacteria	Bacteroidota	Bacteroidia	Bacteroidales	Tannerellaceae	Parabacteroides	Parabacteroides distasonis	18	20	0	440	236	5212	296	172	168	548	20	10	65	11	0	0	41	27	6	14	565	0	1171	8	2638	39	814	248	3	0	1060	2	31	28	5	5198	359
Bacteria	Bacteria	Bacillota	Bacilli	Lactobacillales	Streptococcaceae	Streptococcus	Streptococcus pluranimalium	0	0	0	0	0	0	0	0	0	0	0	0	0	0	0	0	0	0	2	0	0	0	0	0	0	0	0	0	0	0	0	0	0	0	0	0	0
Bacteria	Bacteria	Campylobacterota	Epsilonproteobacteria	Campylobacterales	Campylobacteraceae	Campylobacter	Campylobacter gracilis	0	0	0	0	0	0	0	0	0	0	0	0	0	0	0	0	0	1	0	0	0	0	0	0	0	0	0	0	0	1	0	0	0	0	0	0	0
Bacteria	Bacteria	Bacillota	Clostridia	Lachnospirales	Lachnospiraceae	Butyrivibrio	Butyrivibrio fibrisolvens	0	2	0	1	2	0	3	0	0	0	0	0	1	1	0	1	2	1	2	0	1	0	0	0	1	0	0	0	0	0	0	0	0	0	0	0	0
Bacteria	Bacteria	Pseudomonadota	Gammaproteobacteria	Enterobacterales	Enterobacteriaceae	Leclercia	Leclercia adecarboxylata	0	0	0	0	0	0	0	0	0	0	0	0	0	0	0	0	0	0	0	0	72	0	0	0	0	0	0	0	0	0	0	0	0	0	0	0	0
Bacteria	Bacteria	Bacteroidota	Bacteroidia	Bacteroidales	Porphyromonadaceae	Porphyromonas	Porphyromonas gingivalis	0	0	0	0	0	0	0	0	0	0	0	0	0	0	0	0	0	0	0	0	0	0	0	0	0	0	0	0	0	0	0	0	0	0	0	5	0
Bacteria	Bacteria	Bacillota	Clostridia	Lachnospirales	Lachnospiraceae	Lacrimispora	Lacrimispora saccharolytica	0	0	0	0	0	0	0	0	0	0	0	0	1	0	0	0	0	0	0	0	0	0	0	0	0	0	0	0	0	0	0	0	0	0	0	0	0
Bacteria	Bacteria	Actinomycetota	Coriobacteriia	Eggerthellales	Eggerthellaceae	Eggerthella	Eggerthella lenta	2852	3061	0	201	75	83	1055	95	0	62	2369	925	3478	265	3365	3480	3047	1306	3255	228	3234	3	44	1790	85	2901	0	79	0	0	1	0	1714	0	0	42	234
Bacteria	Bacteria	Bacillota	Bacilli	Bacillales	Gemellaceae	Gemella	Gemella sanguinis	0	0	0	0	0	0	0	0	2	3	0	0	0	0	0	0	0	0	0	0	0	0	0	0	0	3	0	0	0	0	0	0	0	0	0	0	0
Bacteria	Bacteria	Pseudomonadota	Betaproteobacteria	Burkholderiales	Oxalobacteraceae	Oxalobacter	Oxalobacter formigenes	0	0	0	0	0	0	0	0	0	0	0	0	0	0	0	0	0	0	0	0	0	0	0	0	0	0	0	0	0	0	0	0	0	0	0	11	0
Bacteria	Bacteria	Bacillota	Clostridia	Eubacteriales	Oscillospiraceae	Faecalibacterium	Faecalibacterium prausnitzii	902	2701	0	725	0	1	14	75	35	2710	1051	1136	539	609	702	65	604	208	289	809	12	11	4213	360	6801	2	0	33	0	0	289	5	134	0	0	6069	2980
Bacteria	Bacteria	Bacillota	Clostridia	Peptostreptococcales	Anaerovoracaceae	Mogibacterium	Mogibacterium pumilum	0	0	0	0	0	0	0	0	0	0	0	0	0	0	0	0	0	0	0	0	0	0	0	0	0	1	0	0	0	0	0	0	0	0	1	0	0
Bacteria	Bacteria	Thermodesulfobacteriota	Desulfovibrionia	Desulfovibrionales	Desulfovibrionaceae	Desulfovibrio	Desulfovibrio desulfuricans	0	0	0	0	0	0	0	0	0	0	322	188	2220	39	745	118	0	0	0	0	0	0	0	0	0	0	0	0	0	0	0	0	0	0	0	0	0
Bacteria	Bacteria	Bacillota	Clostridia	Lachnospirales	Defluviitaleaceae	Defluviitalea	Defluviitalea saccharophila	0	0	0	0	0	0	2	0	0	0	0	0	0	0	0	0	0	0	0	0	0	0	0	0	0	0	0	0	0	0	0	0	1	0	0	0	0
Bacteria	Bacteria	Thermodesulfobacteriota	Desulfovibrionia	Desulfovibrionales	Desulfovibrionaceae	Nitratidesulfovibrio	Nitratidesulfovibrio vulgaris	0	0	0	0	0	0	0	0	0	0	0	0	0	0	0	0	0	0	0	0	0	1	0	0	0	0	0	0	0	0	0	0	0	0	0	0	0
Bacteria	Bacteria	Bacillota	Clostridia	Lachnospirales	Lachnospiraceae	Dorea	Dorea longicatena	35	4	1	3128	0	5	13	239	12	2827	519	2399	409	2823	174	257	9	18	3	3	97	5	266	6	4906	1	712	2	0	0	2	1	0	0	6	4237	2637
Bacteria	Bacteria	Bacillota	Clostridia	Eubacteriales	Oscillospiraceae	Mageeibacillus	Mageeibacillus indolicus	0	0	0	0	0	0	0	0	0	0	0	0	0	0	1	0	0	0	0	0	0	0	1	1	0	0	0	0	0	1	0	0	0	0	0	0	0
Bacteria	Bacteria	Bacillota	Clostridia	Lachnospirales	Lachnospiraceae	Blautia	Blautia luti	14	16	0	22	19	17	4	12	15	50	34	29	4	32	23	25	8	21	2	3	5	12	70	7	124	14	0	2	1	14	0	33	33	0	8	26	8
Bacteria	Bacteria	Bacillota	Clostridia	Lachnospirales	Lachnospiraceae	Lachnoclostridium	[Clostridium] hylemonae	0	0	0	0	0	0	0	0	0	0	0	0	0	0	0	0	0	0	0	0	0	236	0	0	0	0	0	0	0	0	0	0	0	0	0	1	6
Bacteria	Bacteria	Thermodesulfobacteriota	Desulfovibrionia	Desulfovibrionales	Desulfovibrionaceae	Desulfovibrio	Desulfovibrio piger	0	0	0	0	0	1	0	0	0	0	0	0	1	0	0	0	2	0	0	0	0	0	3	2	0	0	0	20	0	0	0	0	0	0	10	2096	1828
Eukaryota	Metazoa	Chordata	Mammalia	Primates	Hominidae	Homo	Homo sapiens	0	0	0	9	0	0	0	0	1	0	0	0	5	0	0	0	0	0	0	0	0	0	0	0	0	0	0	17	0	0	16	0	0	19	0	0	0
Bacteria	Bacteria	Bacillota	Bacilli	Lactobacillales	Lactobacillaceae	Limosilactobacillus	Limosilactobacillus mucosae	0	0	0	0	0	0	0	0	0	0	0	0	0	0	0	0	0	0	0	0	417	0	0	0	0	0	0	0	0	0	0	0	0	0	0	0	0
Unclassified	NA	NA	NA	NA	NA	NA	NA	61188	73396	38329	106435	31054	29360	45267	50313	34602	78374	65432	57937	86148	45773	69997	58344	85420	108097	85801	64097	51755	90812	119590	53527	152773	37634	7538	86406	5866	36039	13892	42004	46031	2340	41598	101830	81279
