Domain	Kingdom	Phylum	Class	Order	Family	Genus	Species	1-MDcol002-5-2	11-MDCol002-label-12-on-bottle	14-MDCOL003-Stool-1B-Baseline-BSB-2-4-1-4	15-MDcol004-3-1-pretreat	17-MDCOL006-3-1A	19-MDCOL006-3-2A	21-MDCOL006-2-pre-chemo-A	23-MDcol033-1A	25-MDcol036-1A	27-MDcol025-1B	28-7A-1-1	29-7A	3-MDcol002-5-1	30-8B	31-8B	33-6-2	36-40-1B	38-S-Swanson	40-MDCol002-7-43	42-51-1B	45-MDCOL005-1B	46-MDCOL015-1a	48-MDCOL039-1a	5-MDCOL055-Stool-1A-Baseline-BSB-2-4-1-2	50-MDCOL027-1a	52-MDCOL021-1b	54-MDCOL028-1b	60-MDcol006-4-1A	63-MDcol003-3-2	65-MDCOL003-Post-Chemo-Collection-Cycle-1-A	66-MDCOL004-1A	68-MDCOL003-3-1-Before-Chemo-2-3A	7-MDCOL058-Stool-1A-Baseline-BSB-2-4-1-3	72-MDCOL003-4-1-4A-Before-Chemo-6	75-MDCOL053-1-1-1-Unknown	9-MDCOL062-Stool-1A-Baseline-BSB-2-4-1-3
Bacteria	Bacteria	Bacillota	Clostridia	Lachnospirales	Lachnospiraceae	Anaerostipes	Anaerostipes caccae	0	0	0	0	0	0	0	0	0	0	0	0	0	0	0	0	0	0	0	0	0	10	0	0	0	3	0	6	0	0	0	0	0	0	0	0
Bacteria	Bacteria	Bacteroidota	Bacteroidia	Bacteroidales	Barnesiellaceae	Coprobacter	Coprobacter fastidiosus	0	0	0	0	0	0	0	0	0	0	0	0	0	0	0	0	0	0	0	0	3	0	0	0	0	0	0	0	0	0	0	0	0	0	0	0
Bacteria	Bacteria	Bacillota	Clostridia	Peptostreptococcales	Peptostreptococcaceae	Romboutsia	Romboutsia ilealis	0	0	0	0	0	0	0	0	0	0	0	0	0	0	0	0	0	0	0	0	0	0	0	0	4	0	0	0	0	0	0	0	0	0	0	0
Bacteria	Bacteria	Bacillota	Clostridia	Eubacteriales	Clostridiaceae	Clostridium	Clostridium sp. C1	0	0	0	0	0	0	3	0	0	0	0	0	0	0	0	0	0	136	0	0	0	0	0	0	0	0	1	0	0	0	0	0	0	0	0	0
Bacteria	Bacteria	Bacillota	Clostridia	Eubacteriales	Oscillospiraceae	Ruminococcus	Ruminococcus bicirculans (ex Wegman et al. 2014)	225	0	0	0	0	0	0	0	0	2	139	0	142	0	128	167	242	16	0	0	0	0	0	0	50	0	0	0	0	0	0	0	0	0	0	0
Bacteria	Bacteria	Bacillota	Clostridia	Lachnospirales	Lachnospiraceae	Roseburia	Roseburia sp. 499	0	0	0	0	0	0	0	0	0	0	0	0	0	0	0	0	0	1	0	0	0	0	0	0	0	0	0	0	0	0	0	0	0	0	0	0
Bacteria	Bacteria	Bacillota	Clostridia	Lachnospirales	Lachnospiraceae	Roseburia	Roseburia sp. 831b	0	0	0	0	0	0	0	0	0	0	0	0	0	0	0	0	0	0	0	0	0	0	0	0	0	0	0	0	0	0	0	1	0	0	0	0
Bacteria	Bacteria	Bacillota	Bacilli	Bacillales	Staphylococcaceae	Staphylococcus	Staphylococcus epidermidis	0	0	0	0	0	0	0	0	0	0	0	0	0	0	0	0	0	0	0	0	281	0	0	0	0	0	0	0	0	0	0	0	0	0	0	0
Bacteria	Bacteria	Bacteroidota	Bacteroidia	Bacteroidales	Rikenellaceae	Alistipes	Alistipes senegalensis	0	0	0	0	0	0	0	0	0	0	0	0	0	0	0	0	0	0	0	0	0	0	1	0	1	0	0	0	0	0	0	0	0	0	0	0
Bacteria	Bacteria	Bacillota	Clostridia	Eubacteriales	containing Intestinimonas	Intestinimonas	Intestinimonas butyriciproducens	0	0	0	0	0	0	0	0	0	0	0	0	0	0	0	0	0	0	0	0	0	0	0	0	0	0	0	0	0	0	0	0	0	0	0	1
Bacteria	Bacteria	Bacillota	Bacilli	Lactobacillales	Streptococcaceae	Streptococcus	Streptococcus salivarius	0	0	0	0	0	0	0	0	0	253	0	0	0	0	0	0	0	0	0	0	0	0	0	0	30	58	0	0	0	21	0	0	0	0	249	0
Bacteria	Bacteria	Bacillota	Bacilli	Lactobacillales	Streptococcaceae	Streptococcus	Streptococcus thermophilus	0	0	0	0	0	4	90	0	0	0	0	0	0	0	0	0	0	0	41	0	246	0	0	0	0	599	0	199	0	195	0	200	0	0	0	0
Bacteria	Bacteria	Bacillota	Clostridia	Lachnospirales	Lachnospiraceae	Blautia	Blautia hansenii	0	0	0	0	0	0	0	0	0	0	0	0	0	0	0	0	0	0	0	0	0	8	14	0	0	0	0	0	0	0	0	0	0	0	0	0
Bacteria	Bacteria	Bacillota	Bacilli	Lactobacillales	Streptococcaceae	Streptococcus	Streptococcus vestibularis	0	0	0	0	0	0	0	0	0	0	0	0	0	0	0	0	0	0	0	0	0	0	0	0	0	41	0	0	0	5	0	0	0	0	0	0
Bacteria	Bacteria	Bacillota	Bacilli	Lactobacillales	Enterococcaceae	Enterococcus	Enterococcus faecalis	0	0	0	0	0	0	37	0	0	0	0	0	0	0	0	0	0	0	0	0	0	0	0	0	0	28	195	0	0	0	0	0	0	0	0	0
Bacteria	Bacteria	Bacillota	Bacilli	Lactobacillales	Enterococcaceae	Enterococcus	Enterococcus faecium	0	1	0	0	0	0	0	0	0	0	0	0	0	0	0	0	0	0	0	0	0	0	0	0	0	0	0	0	0	0	0	0	0	0	0	0
Bacteria	Bacteria	Bacillota	Bacilli	Lactobacillales	Enterococcaceae	Enterococcus	Enterococcus gallinarum	0	0	0	0	0	0	409	0	0	0	0	0	0	0	0	0	0	0	0	0	0	0	0	0	0	0	0	0	0	0	0	0	0	0	0	0
Bacteria	Bacteria	Bacillota	Bacilli	Lactobacillales	Streptococcaceae	Lactococcus	Lactococcus lactis	0	0	243	0	0	0	0	0	0	0	0	0	0	0	0	0	0	0	0	0	0	0	0	0	0	0	0	0	0	0	0	0	0	146	0	0
Bacteria	Bacteria	Bacillota	Clostridia	Peptostreptococcales	Peptostreptococcaceae	Clostridioides	Clostridioides difficile	0	0	0	0	0	0	0	0	0	0	0	0	0	0	0	0	0	0	0	0	0	0	0	0	0	0	192	0	0	0	0	0	0	0	0	0
Bacteria	Bacteria	Bacillota	Clostridia	Eubacteriales	Clostridiaceae	Clostridium	Clostridium perfringens	0	0	0	0	0	0	0	0	0	0	0	0	0	0	0	0	0	0	0	0	0	0	0	0	1	0	0	0	0	0	0	0	0	0	0	0
Bacteria	Bacteria	Bacillota	Clostridia	Lachnospirales	Lachnospiraceae	Lachnoclostridium	[Clostridium] symbiosum	0	0	0	0	0	0	0	0	0	0	0	0	0	0	0	0	0	2	0	0	0	0	0	0	0	0	165	8	0	0	0	0	0	0	0	0
Bacteria	Bacteria	Bacillota	Clostridia	Lachnospirales	Lachnospiraceae	Enterocloster	Enterocloster clostridioformis	0	0	78	0	0	0	0	0	241	0	0	0	10	0	0	0	173	452	480	369	0	0	0	0	0	0	24	0	0	79	0	89	0	93	0	0
Bacteria	Bacteria	Bacillota	Clostridia	Lachnospirales	Lachnospiraceae	Blautia	Blautia coccoides	0	0	0	0	0	0	0	0	0	0	0	0	0	0	0	0	0	0	0	0	0	13	0	0	0	0	0	17	0	0	0	0	0	0	0	0
Bacteria	Bacteria	Bacillota	Clostridia	Lachnospirales	Lachnospiraceae	Hungatella	Hungatella hathewayi	0	0	0	0	0	0	0	0	0	0	0	0	0	0	0	0	0	0	0	0	0	1	0	0	0	1	0	0	0	0	0	0	0	0	0	0
Bacteria	Bacteria	Bacillota	Erysipelotrichia	Erysipelotrichales	Turicibacteraceae	Turicibacter	Turicibacter sanguinis	0	0	0	0	0	0	0	0	0	0	0	0	0	0	0	0	0	0	0	0	0	163	0	0	0	0	0	0	0	0	0	0	0	0	0	0
Bacteria	Bacteria	Bacillota	Erysipelotrichia	Erysipelotrichales	Coprobacillaceae	Thomasclavelia	Thomasclavelia ramosa	0	0	0	0	0	284	65	0	121	0	0	0	0	0	0	0	0	0	0	0	367	15	0	0	0	2	289	0	0	0	0	0	0	0	0	165
Bacteria	Bacteria	Bacillota	Clostridia	Eubacteriales	Oscillospiraceae	Ruthenibacterium	Ruthenibacterium lactatiformans	0	0	0	0	0	0	315	0	0	0	0	0	0	0	0	0	0	0	0	0	0	4	0	0	0	0	0	0	0	0	0	0	0	0	0	0
Bacteria	Bacteria	Bacillota	Bacilli	Lactobacillales	Lactobacillaceae	Lacticaseibacillus	Lacticaseibacillus paracasei	0	0	0	0	0	383	0	0	0	0	0	0	0	0	0	0	0	0	0	0	0	0	0	0	0	0	0	0	0	0	0	0	0	0	0	0
Bacteria	Bacteria	Bacillota	Bacilli	Lactobacillales	Lactobacillaceae	Limosilactobacillus	Limosilactobacillus fermentum	0	0	0	0	0	0	0	0	0	0	0	0	0	0	0	0	0	0	0	0	150	0	0	0	0	0	0	0	0	0	0	0	0	0	0	0
Bacteria	Bacteria	Bacillota	Bacilli	Lactobacillales	Lactobacillaceae	Ligilactobacillus	Ligilactobacillus salivarius	0	0	4	0	0	0	0	0	0	0	0	0	0	0	0	0	0	0	0	0	0	0	0	0	0	0	0	0	0	121	0	0	0	0	0	0
Bacteria	Bacteria	Bacteroidota	Bacteroidia	Bacteroidales	Prevotellaceae	Segatella	Segatella copri	0	0	0	0	0	0	0	0	0	0	0	0	0	0	0	0	0	0	0	0	0	0	0	0	0	0	0	0	0	0	0	0	0	0	0	61
Bacteria	Bacteria	Bacillota	Clostridia	Lachnospirales	Lachnospiraceae	Sellimonas	Sellimonas intestinalis	0	0	0	0	0	0	0	0	0	0	0	0	0	0	0	0	0	0	0	0	0	0	0	0	0	0	0	0	0	0	0	10	0	302	0	0
Bacteria	Bacteria	Bacillota	Clostridia	Lachnospirales	Lachnospiraceae	Roseburia	Roseburia intestinalis	2	0	0	0	0	0	0	0	76	496	0	2	0	0	2	0	0	3	1	0	0	0	1	0	0	0	0	0	0	0	0	368	0	1	6	0
Bacteria	Bacteria	Actinomycetota	Actinomycetes	Bifidobacteriales	Bifidobacteriaceae	Bifidobacterium	Bifidobacterium adolescentis	0	0	0	0	0	0	0	0	0	149	0	1	0	1	0	0	0	0	0	0	0	0	1	0	274	0	0	0	0	0	0	0	0	0	161	0
Bacteria	Bacteria	Actinomycetota	Actinomycetes	Bifidobacteriales	Bifidobacteriaceae	Bifidobacterium	Bifidobacterium breve	0	0	0	0	152	0	11	0	0	0	0	0	0	0	0	0	0	0	0	0	0	0	0	0	0	0	0	0	0	0	0	0	0	0	0	0
Bacteria	Bacteria	Bacillota	Clostridia	Eubacteriales	Oscillospiraceae	Anaerotruncus	Anaerotruncus colihominis	0	0	0	2	0	0	0	0	0	0	0	0	0	0	0	0	0	0	1	1	0	1	0	0	0	0	0	0	0	0	0	0	0	0	0	2
Bacteria	Bacteria	Bacillota	Clostridia	Eubacteriales	Eubacteriaceae	Eubacterium	Eubacterium limosum	0	0	0	0	0	0	0	0	0	0	0	0	0	0	0	0	0	0	0	0	0	2	0	0	0	0	0	0	0	0	0	0	0	0	0	0
Bacteria	Bacteria	Actinomycetota	Actinomycetes	Propionibacteriales	Propionibacteriaceae	Propionibacterium	Propionibacterium freudenreichii	0	0	0	0	287	100	74	0	0	0	0	0	0	0	0	0	0	0	0	0	0	0	0	0	0	0	0	0	0	0	0	0	0	0	0	0
Bacteria	Bacteria	Bacillota	Clostridia	Peptostreptococcales	Anaerovoracaceae	Emergencia	Emergencia timonensis	0	0	0	0	0	0	0	0	0	0	0	0	0	0	0	0	0	0	0	0	0	118	0	0	0	0	0	0	0	0	0	0	0	0	0	0
Bacteria	Bacteria	Bacteroidota	Bacteroidia	Bacteroidales	Bacteroidaceae	Bacteroides	Bacteroides caecimuris	0	0	0	0	0	0	0	0	0	3	0	0	0	0	0	0	0	0	0	0	0	0	0	0	1	0	0	0	0	0	0	0	0	0	0	0
Bacteria	Bacteria	Bacillota	Clostridia	Lachnospirales	Lachnospiraceae	Blautia	Blautia pseudococcoides	0	0	0	0	0	2	0	0	0	0	0	0	0	0	0	0	0	0	0	0	0	0	0	0	0	0	0	0	0	3	0	2	0	0	0	0
Bacteria	Bacteria	Bacillota	Erysipelotrichia	Erysipelotrichales	Erysipelotrichaceae	Longicatena	Longicatena caecimuris	0	0	0	0	0	0	0	0	0	0	0	0	0	0	0	0	0	0	0	0	0	203	0	0	0	0	0	0	0	0	0	0	0	0	0	0
Bacteria	Bacteria	Bacillota	Clostridia	Lachnospirales	Lachnospiraceae	Blautia	Blautia argi	0	0	0	3	0	0	0	0	0	0	0	0	0	0	0	0	0	0	0	0	0	2	0	0	0	0	0	0	0	0	0	0	0	0	0	0
Bacteria	Bacteria	Bacillota	Clostridia	Monoglobales	Monoglobaceae	Monoglobus	Monoglobus pectinilyticus	0	0	0	0	0	0	0	0	0	0	0	0	0	0	0	0	0	0	0	0	0	0	0	0	0	0	0	4	0	0	0	0	0	0	0	0
Bacteria	Bacteria	Bacillota	Erysipelotrichia	Erysipelotrichales	Coprobacillaceae	Faecalibacillus	Faecalibacillus intestinalis	0	0	0	1	0	0	0	0	0	0	0	0	0	0	0	0	0	0	0	0	0	0	60	0	0	0	0	0	0	0	0	0	0	0	0	0
Bacteria	Bacteria	Bacillota	Clostridia	Lachnospirales	Lachnospiraceae	Enterocloster	Enterocloster bolteae	0	0	0	0	0	0	0	1	784	0	0	0	0	0	0	0	8	5	7	38	0	12	0	0	0	0	0	4	0	0	0	0	0	0	2	0
Bacteria	Bacteria	Bacillota	Clostridia	Eubacteriales	Oscillospiraceae	Subdoligranulum	Subdoligranulum variabile	0	0	0	0	0	0	0	0	0	0	0	0	0	0	0	0	0	0	0	1	0	0	0	0	0	0	0	0	0	0	0	0	0	0	0	2
Bacteria	Bacteria	Bacteroidota	Bacteroidia	Bacteroidales	Rikenellaceae	Alistipes	Alistipes finegoldii	0	0	0	0	0	0	0	0	0	2	294	203	0	0	215	0	0	0	0	0	0	0	0	0	1	0	0	0	0	0	0	0	0	0	1	1
Bacteria	Bacteria	Actinomycetota	Actinomycetes	Bifidobacteriales	Bifidobacteriaceae	Bifidobacterium	Bifidobacterium longum	0	0	0	0	0	0	0	31	166	341	0	0	0	0	0	0	0	0	0	0	0	0	0	0	247	0	0	0	0	0	0	0	0	0	38	0
Archaea	Archaea	Euryarchaeota	Methanobacteria	Methanobacteriales	Methanobacteriaceae	Methanobrevibacter	Methanobrevibacter smithii	0	0	0	202	0	0	0	0	0	0	0	0	0	0	0	0	0	0	0	0	0	0	183	0	26	0	0	0	0	0	0	0	0	0	9	81
Bacteria	Bacteria	Verrucomicrobiota	Verrucomicrobiia	Verrucomicrobiales	Akkermansiaceae	Akkermansia	Akkermansia muciniphila	0	0	0	114	0	0	0	0	0	0	0	0	0	0	0	0	0	0	0	0	0	0	71	0	243	0	0	0	0	0	0	0	0	0	148	3
Bacteria	Bacteria	Bacteroidota	Bacteroidia	Bacteroidales	Bacteroidaceae	Bacteroides	Bacteroides cellulosilyticus	0	0	0	0	0	0	0	0	0	12	0	0	0	0	0	0	0	0	0	0	0	0	0	0	0	0	0	0	0	0	0	0	0	0	0	0
Bacteria	Bacteria	Bacillota	Erysipelotrichia	Erysipelotrichales	Coprobacillaceae	Catenibacterium	Catenibacterium sp. co_0103	0	0	0	0	0	0	0	0	0	0	0	0	0	0	0	0	0	0	0	0	0	0	0	0	239	0	0	0	0	0	0	0	0	0	0	0
Bacteria	Bacteria	Bacillota	Clostridia	Lachnospirales	Lachnospiraceae	Blautia	Blautia sp. SC05B48	0	7	0	0	0	0	0	0	0	15	5	3	0	0	5	2	6	0	2	0	0	0	6	0	7	0	0	0	0	0	0	0	0	0	0	3
Bacteria	Bacteria	Bacillota	Tissierellia	Tissierellales	Acidilutibacteraceae	Acidilutibacter	Acidilutibacter cellobiosedens	0	0	0	0	2	0	0	0	0	0	0	0	0	0	0	0	0	0	0	0	0	0	0	0	0	0	0	0	0	0	0	0	0	0	0	0
Bacteria	Bacteria	Bacteroidota	Bacteroidia	Bacteroidales	Bacteroidaceae	Bacteroides	Bacteroides sp. A1C1	0	0	0	0	0	0	0	0	0	34	0	0	0	0	0	0	0	0	0	0	0	0	0	0	0	0	0	0	0	0	0	0	0	0	0	0
Bacteria	Bacteria	Bacteroidota	Bacteroidia	Bacteroidales	Rikenellaceae	Alistipes	Alistipes communis	0	0	0	3	0	0	0	1	0	0	3	1	0	0	0	0	0	0	0	0	0	0	1	0	3	0	0	0	0	0	0	0	0	0	0	0
Bacteria	Bacteria	Bacillota	Clostridia	Peptostreptococcales	Peptostreptococcaceae	Intestinibacter	Intestinibacter bartlettii	0	0	0	0	0	0	0	275	0	0	0	0	0	0	0	0	0	0	0	0	3	1	0	0	0	0	150	0	0	0	0	0	0	0	0	0
Bacteria	Bacteria	Bacteroidota	Bacteroidia	Bacteroidales	Bacteroidaceae	Bacteroides	Bacteroides zhangwenhongii	0	0	0	0	0	0	0	0	0	39	0	0	0	0	0	0	0	0	0	0	0	0	0	0	0	0	0	0	0	0	0	0	0	0	0	0
Bacteria	Bacteria	Actinomycetota	Coriobacteriia	Eggerthellales	Eggerthellaceae	Adlercreutzia	Adlercreutzia hattorii	0	285	0	0	89	31	33	0	0	0	3	0	0	0	14	89	0	0	261	0	0	0	0	0	0	0	0	194	0	0	0	0	0	0	0	0
Bacteria	Bacteria	Bacillota	Clostridia	Eubacteriales	Oscillospiraceae	Vescimonas	Vescimonas fastidiosa	0	0	0	0	0	0	0	0	0	0	0	0	0	0	0	0	0	0	0	0	0	0	0	0	0	0	0	0	0	0	5	0	0	0	0	0
Bacteria	Bacteria	Bacillota	Clostridia	Eubacteriales	Oscillospiraceae	Vescimonas	Vescimonas coprocola	72	18	0	0	0	0	0	0	0	0	163	87	54	0	0	136	21	0	28	107	0	0	0	133	1	0	0	0	0	0	0	0	156	0	1	0
Bacteria	Bacteria	Bacteroidota	Bacteroidia	Bacteroidales	Bacteroidaceae	Bacteroides	Bacteroides sp. CACC 737	0	0	0	0	0	0	0	0	0	26	0	0	0	0	0	0	0	0	0	0	0	0	0	0	0	0	0	0	0	0	0	0	0	0	0	0
Bacteria	Bacteria	Bacteroidota	Bacteroidia	Bacteroidales	Bacteroidaceae	Bacteroides	Bacteroides sp. M10	0	0	0	0	0	0	0	5	0	0	0	0	0	0	0	0	0	0	0	0	0	0	0	0	0	0	0	0	0	0	0	0	0	0	0	0
Bacteria	Bacteria	Bacillota	Clostridia	Eubacteriales	Oscillospiraceae	Oscillibacter	Oscillibacter hominis	0	0	0	0	0	0	0	0	0	0	0	0	0	0	0	0	0	0	0	0	0	1	0	0	0	0	0	0	0	0	0	0	0	0	0	0
Bacteria	Bacteria	Bacillota	Clostridia	Lachnospirales	Lachnospiraceae	Roseburia	Roseburia rectibacter	0	0	0	0	0	0	0	0	0	3	0	0	0	0	0	0	0	0	0	0	0	0	0	0	0	0	0	0	0	0	0	1	0	0	0	0
Bacteria	Bacteria	Bacillota	Clostridia	Lachnospirales	Lachnospiraceae	Wansuia	Wansuia hejianensis	0	0	0	0	0	0	0	0	0	0	0	0	0	0	0	0	0	0	0	0	0	1	0	0	0	0	0	0	0	0	0	0	0	0	0	0
Bacteria	Bacteria	Bacillota	Clostridia	Lachnospirales	Lachnospiraceae	Simiaoa	Simiaoa sunii	0	0	0	0	0	0	0	0	0	0	0	0	0	0	0	0	0	0	0	0	0	0	0	0	0	0	0	0	0	0	0	0	0	0	3	0
Bacteria	Bacteria	Bacteroidota	Bacteroidia	Bacteroidales	Bacteroidaceae	Bacteroides	Bacteroides sp. HF-162	0	0	0	0	0	51	0	0	0	47	0	0	0	0	0	0	0	0	0	0	0	0	0	0	0	0	0	0	0	0	0	0	0	0	0	0
Bacteria	Bacteria	Bacteroidota	Bacteroidia	Bacteroidales	Bacteroidaceae	Bacteroides	Bacteroides humanifaecis	0	0	0	0	0	0	0	0	0	42	0	0	0	0	0	0	0	0	0	0	0	0	0	0	0	0	0	0	0	0	0	0	0	0	0	0
Bacteria	Bacteria	Actinomycetota	Actinomycetes	Bifidobacteriales	Bifidobacteriaceae	Bifidobacterium	Bifidobacterium animalis	0	0	0	0	0	0	0	0	0	0	0	0	0	0	0	0	0	0	0	0	27	0	0	0	0	0	0	0	0	0	0	0	0	0	0	0
Bacteria	Bacteria	Actinomycetota	Actinomycetes	Bifidobacteriales	Bifidobacteriaceae	Bifidobacterium	Bifidobacterium pseudocatenulatum	0	0	0	0	0	0	0	0	0	55	0	0	0	0	0	0	0	0	0	0	0	0	0	0	0	0	0	0	0	0	0	0	0	0	0	0
Bacteria	Bacteria	Bacteroidota	Bacteroidia	Bacteroidales	Bacteroidaceae	Bacteroides	Bacteroides eggerthii	0	0	0	528	0	0	0	0	0	0	0	0	0	0	0	0	0	0	0	0	0	0	3	0	396	0	0	0	0	0	0	0	0	0	0	0
Bacteria	Bacteria	Bacteroidota	Bacteroidia	Bacteroidales	Bacteroidaceae	Bacteroides	Bacteroides ovatus	0	0	0	0	0	813	0	18	5	50	0	0	0	115	405	515	0	0	0	83	0	0	21	0	4	0	0	0	0	0	0	0	380	10	10	0
Bacteria	Bacteria	Bacteroidota	Bacteroidia	Bacteroidales	Odoribacteraceae	Odoribacter	Odoribacter splanchnicus	0	0	0	0	0	0	0	0	0	9	0	1	1	0	0	0	0	0	0	0	0	0	8	0	0	0	0	0	0	0	0	0	0	0	0	0
Bacteria	Bacteria	Bacillota	Clostridia	Eubacteriales	Eubacteriaceae	Eubacterium	Eubacterium sp. MSJ-33	0	0	0	0	0	0	0	0	0	0	0	0	0	0	0	0	0	0	0	0	0	0	0	0	0	0	0	0	0	0	0	1	0	0	0	0
Bacteria	Bacteria	Bacteroidota	Bacteroidia	Bacteroidales	Bacteroidaceae	Bacteroides	Bacteroides sp. DH3716P	0	0	0	0	0	0	0	0	23	0	0	0	0	0	0	0	0	0	0	0	0	0	0	0	0	0	0	0	0	0	0	0	0	45	0	5
Archaea	Archaea	Euryarchaeota	Methanobacteria	Methanobacteriales	Methanobacteriaceae	Methanobrevibacter	Methanobrevibacter sp. TLL-48-HuF1	0	0	0	0	0	0	0	0	0	0	0	0	0	0	0	0	0	0	0	0	0	0	2	0	0	0	0	0	0	0	0	0	0	0	112	0
Bacteria	Bacteria	Bacillota	Clostridia	Lachnospirales	Lachnospiraceae	Blautia	Blautia parvula	0	0	0	0	0	0	0	0	0	0	0	0	0	0	0	0	0	0	0	0	0	711	0	0	0	228	0	12	0	618	0	450	0	477	0	0
Bacteria	Bacteria	Bacteroidota	Bacteroidia	Bacteroidales	Bacteroidaceae	Bacteroides	Bacteroides salyersiae	0	0	0	0	0	0	0	0	0	419	0	0	0	0	0	0	0	0	0	0	0	0	0	0	0	0	0	0	0	0	0	0	0	0	0	0
Bacteria	Bacteria	Bacillota	Clostridia	Eubacteriales	Oscillospiraceae	Flavonifractor	Flavonifractor plautii	0	0	0	0	0	0	0	0	217	0	0	0	0	0	0	0	0	0	0	0	0	0	0	0	0	0	0	428	0	101	0	0	0	0	0	1
Bacteria	Bacteria	Bacillota	Clostridia	Eubacteriales	Oscillospiraceae	Faecalibacterium	Faecalibacterium sp. I3-3-33	0	0	0	0	0	0	0	0	0	0	0	0	0	0	0	0	0	0	0	0	0	0	0	0	3	0	0	0	0	0	0	0	0	0	0	0
Bacteria	Bacteria	Bacillota	Clostridia	Eubacteriales	Oscillospiraceae	Faecalibacterium	Faecalibacterium sp. I3-3-89	0	0	0	0	0	0	0	0	0	0	0	9	0	0	0	0	0	0	0	28	0	0	0	0	0	0	0	0	0	0	0	0	0	0	54	0
Bacteria	Bacteria	Bacillota	Clostridia	Lachnospirales	Lachnospiraceae	Lachnoclostridium	[Clostridium] scindens	1	0	0	2	0	561	0	3	111	0	0	0	0	0	0	0	0	1	0	0	0	199	0	0	0	2	0	21	0	1	0	0	0	1	0	0
Bacteria	Bacteria	Bacillota	Erysipelotrichia	Erysipelotrichales	Coprobacillaceae	Thomasclavelia	Thomasclavelia spiroformis	0	0	0	0	0	0	0	0	0	0	0	0	0	0	0	0	0	0	0	0	0	0	0	0	0	0	19	0	0	0	0	0	0	0	0	0
Bacteria	Bacteria	Bacillota	Negativicutes	Veillonellales	Veillonellaceae	Veillonella	Veillonella parvula	0	0	247	0	0	0	0	0	0	0	0	0	0	0	0	0	0	0	0	0	0	0	0	0	0	0	0	0	0	0	0	180	0	1	0	0
Bacteria	Bacteria	Bacteroidota	Bacteroidia	Bacteroidales	Tannerellaceae	Parabacteroides	Parabacteroides sp. AD58	0	0	0	0	0	1	0	0	0	0	0	0	0	0	0	0	0	0	0	0	0	0	0	0	0	0	0	0	0	0	0	0	0	0	0	0
Bacteria	Bacteria	Bacillota	Bacilli	Lactobacillales	Streptococcaceae	Streptococcus	Streptococcus sp. FSL W7-1342	0	0	0	0	0	0	0	0	0	0	0	0	0	0	0	0	0	0	0	0	0	0	0	0	153	0	0	0	0	0	0	0	0	0	0	0
Viruses	Heunggongvirae	Uroviricota	Caudoviricetes	Crassvirales	Suoliviridae	Canhaevirus	Canhaevirus faecalis	0	0	0	0	0	0	0	0	0	0	0	0	0	0	0	0	0	0	0	0	0	0	0	0	1	0	0	0	0	0	0	0	0	0	0	0
Bacteria	Bacteria	Bacillota	Clostridia	Lachnospirales	Lachnospiraceae	Roseburia	Roseburia hominis	0	0	0	14	0	0	0	8	178	0	0	0	0	0	0	0	0	0	0	0	0	0	3	0	10	0	0	1	0	0	0	0	0	0	3	2
Bacteria	Bacteria	Bacillota	Clostridia	Lachnospirales	Lachnospiraceae	Claveliimonas	Claveliimonas bilis	1	1	0	0	0	0	0	0	0	0	0	0	1	0	0	0	19	0	1	0	0	0	0	0	1	0	0	0	0	0	0	0	0	0	0	0
Bacteria	Bacteria	Bacillota	Clostridia	Eubacteriales	Oscillospiraceae	Faecalibacterium	Faecalibacterium taiwanense	77	0	0	0	0	0	0	0	0	0	0	219	163	0	8	0	0	0	0	226	0	0	299	0	0	0	0	0	0	0	0	0	0	0	0	0
Bacteria	Bacteria	Bacillota	Negativicutes	Selenomonadales	Selenomonadaceae	Selenobaculum	Selenobaculum gibii	0	0	0	0	0	0	0	0	0	0	0	0	0	0	0	0	0	0	0	0	0	0	0	0	0	0	0	0	0	0	0	284	0	0	0	0
Bacteria	Bacteria	Verrucomicrobiota	Verrucomicrobiia	Verrucomicrobiales	Akkermansiaceae	Akkermansia	Akkermansia sp. AE01SA01	0	0	0	0	0	0	0	0	0	0	0	0	0	0	0	0	0	0	0	263	0	0	0	0	0	0	0	0	0	0	0	0	0	0	0	0
Bacteria	Bacteria	Bacteroidota	Bacteroidia	Bacteroidales	Rikenellaceae	Alistipes	Alistipes onderdonkii	0	0	0	262	0	0	0	6	0	279	1	0	0	2	1	3	0	0	0	0	0	0	0	0	3	0	0	0	0	0	0	0	0	0	286	127
Bacteria	Bacteria	Bacteroidota	Bacteroidia	Bacteroidales	Rikenellaceae	Alistipes	Alistipes shahii	0	0	0	0	0	0	0	0	0	153	0	0	0	0	0	0	0	0	0	0	0	0	228	0	322	0	0	0	0	0	0	0	0	0	0	1
Bacteria	Bacteria	Bacteroidota	Bacteroidia	Bacteroidales	Bacteroidaceae	Bacteroides	Bacteroides intestinalis	0	0	0	0	0	0	0	0	0	0	0	0	0	0	0	0	0	0	0	0	0	0	0	0	1	0	0	0	0	0	0	0	0	0	0	0
Bacteria	Bacteria	Bacillota	Negativicutes	Acidaminococcales	Acidaminococcaceae	Phascolarctobacterium	Phascolarctobacterium faecium	0	0	0	0	0	0	0	0	0	0	0	0	0	0	0	0	0	0	0	0	0	0	200	0	0	0	0	0	0	0	0	0	0	0	0	0
Bacteria	Bacteria	Bacillota	Clostridia	Lachnospirales	Lachnospiraceae	Blautia	Blautia producta	0	0	0	0	0	0	0	0	5	0	0	0	0	0	0	0	0	0	0	0	0	1	0	0	0	0	0	0	0	5	0	0	0	2	0	0
Bacteria	Bacteria	Bacillota	Clostridia	Lachnospirales	Lachnospiraceae	Mediterraneibacter	Mediterraneibacter gnavus	0	0	81	2	0	0	0	6	90	1	0	0	0	0	0	0	0	1	0	0	37	334	12	0	1	1	0	5	0	1	0	2	0	0	1	1
Bacteria	Bacteria	Bacillota	Clostridia	Lachnospirales	Lachnospiraceae	Mediterraneibacter	[Ruminococcus] torques	195	6	0	331	0	0	0	419	59	53	344	0	253	0	2	182	254	563	0	2	100	15	1	2	165	0	0	139	0	0	0	0	0	0	228	191
Bacteria	Bacteria	Bacillota	Clostridia	Lachnospirales	Lachnospiraceae	Coprococcus	Coprococcus eutactus	0	0	0	0	0	0	0	0	0	0	0	0	0	0	0	0	0	0	0	0	0	0	0	0	3	0	0	0	0	0	0	0	0	0	0	0
Bacteria	Bacteria	Bacillota	Clostridia	Lachnospirales	Lachnospiraceae	Enterocloster	Enterocloster asparagiformis	0	0	0	0	0	0	0	0	0	0	0	0	0	0	0	0	0	0	0	0	0	0	0	0	0	0	0	0	0	0	1	0	0	0	0	0
Bacteria	Bacteria	Bacteroidota	Bacteroidia	Bacteroidales	Bacteroidaceae	Bacteroides	Bacteroides finegoldii	0	0	0	0	0	0	0	0	0	105	0	0	0	0	0	0	0	0	0	0	0	0	4	0	0	0	0	0	0	0	0	0	0	0	0	0
Bacteria	Bacteria	Bacillota	Bacilli	Lactobacillales	Enterococcaceae	Enterococcus	Enterococcus avium	0	0	0	0	0	149	0	0	0	0	0	0	0	0	0	0	0	0	0	0	0	0	0	0	0	0	0	0	0	0	0	0	0	0	0	0
Bacteria	Bacteria	Bacillota	Bacilli	Lactobacillales	Lactobacillaceae	Lactobacillus	Lactobacillus johnsonii	0	0	0	0	0	0	0	0	0	0	0	0	0	0	0	0	0	0	0	0	35	0	0	0	0	0	0	0	0	0	0	0	0	0	0	0
Bacteria	Bacteria	Bacteroidota	Bacteroidia	Bacteroidales	Bacteroidaceae	Phocaeicola	Phocaeicola dorei	0	0	0	0	0	0	0	48	0	4	0	0	0	0	8	0	0	0	0	0	58	0	3	0	15	0	0	0	0	0	0	0	0	0	10	25
Bacteria	Bacteria	Bacteroidota	Bacteroidia	Bacteroidales	Bacteroidaceae	Bacteroides	Bacteroides xylanisolvens	0	0	0	5	0	0	0	10	7	29	0	0	0	0	0	0	0	0	0	0	0	0	0	0	0	0	0	0	0	0	0	0	0	99	0	0
Bacteria	Bacteria	Bacillota	Clostridia	Lachnospirales	Lachnospiraceae	Lachnospira	Lachnospira eligens	28	1	0	0	0	0	0	0	0	0	1	1	81	0	1	0	0	0	0	141	0	0	127	0	17	0	0	1	0	0	0	0	0	0	1	0
Bacteria	Bacteria	Bacillota	Clostridia	Lachnospirales	Lachnospiraceae	Dorea	Dorea formicigenerans	0	0	0	0	0	0	0	0	0	0	0	0	1	0	0	0	0	0	0	0	0	0	186	0	0	0	0	0	0	0	0	0	0	0	29	2
Bacteria	Bacteria	Bacillota	Clostridia	Lachnospirales	Lachnospiraceae	Anaerobutyricum	Anaerobutyricum hallii	6	17	1	13	0	0	0	0	0	274	48	3	260	0	206	324	401	1	335	0	1	2	148	0	301	79	0	0	0	0	0	1	0	0	302	360
Bacteria	Bacteria	Bacillota	Clostridia	Lachnospirales	Lachnospiraceae	Agathobacter	Agathobacter rectalis	420	43	164	27	0	0	0	1	0	195	1	1	0	0	11	0	1	352	0	0	0	0	55	0	367	0	0	0	0	45	0	0	0	1	442	1
Bacteria	Bacteria	Bacillota	Clostridia	Eubacteriales	Eubacteriaceae	Eubacterium	Eubacterium ventriosum	0	0	0	0	0	0	0	0	0	0	0	0	0	0	0	0	0	0	0	0	0	0	0	0	85	0	0	0	0	0	0	0	0	0	0	0
Bacteria	Bacteria	Bacillota	Negativicutes	Veillonellales	Veillonellaceae	Veillonella	Veillonella atypica	0	0	6	0	0	0	0	0	0	0	0	0	0	0	0	0	0	0	0	0	0	0	0	0	0	0	0	0	0	0	0	0	0	0	0	0
Bacteria	Bacteria	Bacillota	Clostridia	Lachnospirales	Lachnospiraceae	Blautia	Blautia obeum	0	5	0	6	0	1	0	5	0	1	75	3	55	0	116	333	16	5	353	0	0	0	3	0	0	245	0	0	0	0	0	0	0	0	132	11
Bacteria	Bacteria	Bacillota	Clostridia	Lachnospirales	Lachnospiraceae	Coprococcus	Coprococcus comes	0	0	0	2	0	0	0	0	0	66	0	0	0	0	0	0	0	0	0	0	0	0	0	0	5	0	0	63	0	0	0	0	0	0	0	0
Bacteria	Bacteria	Bacillota	Clostridia	Eubacteriales	Oscillospiraceae	Faecalibacterium	Faecalibacterium duncaniae	0	2	0	0	0	0	0	0	0	0	216	0	57	0	0	0	0	63	0	0	0	0	0	0	0	0	0	0	0	0	0	0	0	0	0	0
Bacteria	Bacteria	Bacillota	Clostridia	Eubacteriales	Clostridiaceae	Clostridium	Clostridium sp. M62/1	0	1	0	0	0	0	0	0	0	0	0	0	0	0	0	0	0	0	0	0	0	0	0	1	0	0	0	0	0	0	0	0	0	0	0	0
Bacteria	Bacteria	Bacillota	Clostridia	Lachnospirales	Lachnospiraceae	Blautia	Blautia wexlerae	93	394	0	0	0	219	0	0	150	347	329	110	184	287	217	235	120	78	48	335	122	0	331	387	41	137	0	0	0	0	0	12	400	47	153	120
Bacteria	Bacteria	Bacillota	Bacilli	Lactobacillales	Streptococcaceae	Lactococcus	Lactococcus sp.	0	0	0	0	0	0	0	0	0	0	0	0	0	0	0	0	0	0	0	0	0	0	0	0	0	0	0	0	0	0	0	0	0	153	0	0
Bacteria	Bacteria	Actinomycetota	Coriobacteriia	Eggerthellales	Eggerthellaceae	Adlercreutzia	Adlercreutzia equolifaciens	0	0	0	0	0	0	0	0	0	0	0	0	0	0	0	0	0	0	1	0	0	0	0	0	0	0	0	0	0	0	0	0	0	0	0	0
Bacteria	Bacteria	Bacteroidota	Bacteroidia	Bacteroidales	Prevotellaceae	Paraprevotella	Paraprevotella clara	0	0	0	0	0	0	0	0	0	0	0	0	0	0	0	0	0	0	0	0	0	0	2	0	0	0	0	0	0	0	0	0	0	0	1	0
Bacteria	Bacteria	Bacillota	Clostridia	Lachnospirales	Lachnospiraceae	Mediterraneibacter	[Ruminococcus] lactaris	0	0	0	0	0	0	0	3	0	1	0	0	0	0	1	0	0	0	0	0	0	0	279	0	0	0	0	0	0	0	0	1	0	0	1	0
Bacteria	Bacteria	Bacteroidota	Bacteroidia	Bacteroidales	Tannerellaceae	Parabacteroides	Parabacteroides merdae	0	0	0	5	0	0	0	715	0	256	0	0	0	0	0	0	0	0	0	0	4	0	474	0	6	0	0	0	0	0	0	0	0	0	1	0
Bacteria	Bacteria	Bacteroidota	Bacteroidia	Bacteroidales	Bacteroidaceae	Bacteroides	Bacteroides stercoris	0	0	0	0	0	0	0	0	34	68	0	0	0	0	0	0	0	0	0	0	294	0	51	0	100	0	0	0	0	0	0	0	0	0	0	0
Bacteria	Bacteria	Actinomycetota	Coriobacteriia	Eggerthellales	Eggerthellaceae	Gordonibacter	Gordonibacter pamelaeae	0	1	0	0	0	0	0	0	0	0	0	0	2	0	0	1	0	0	2	0	0	0	0	0	0	0	0	0	0	0	0	0	0	0	0	0
Bacteria	Bacteria	Bacteroidota	Bacteroidia	Bacteroidales	Bacteroidaceae	Bacteroides	Bacteroides caccae	0	0	0	98	0	0	0	0	92	5	0	0	0	0	0	0	0	0	0	0	246	0	0	0	1	0	0	0	0	0	0	0	0	0	0	0
Bacteria	Bacteria	Bacillota	Bacilli	Lactobacillales	Lactobacillaceae	Lacticaseibacillus	Lacticaseibacillus rhamnosus	0	0	0	0	0	384	0	0	0	0	0	0	0	0	0	0	0	0	0	0	0	0	0	0	0	4	0	0	0	0	0	0	0	0	0	0
Bacteria	Bacteria	Bacillota	Clostridia	Lachnospirales	Lachnospiraceae	Blautia	Blautia hydrogenotrophica	0	0	0	0	0	0	0	0	0	0	0	0	0	0	0	0	0	0	0	0	0	406	292	0	0	404	0	358	0	0	0	0	0	0	0	0
Bacteria	Bacteria	Pseudomonadota	Gammaproteobacteria	Enterobacterales	Enterobacteriaceae	Escherichia	Escherichia coli	0	0	0	0	0	0	164	0	523	0	0	0	0	0	0	0	0	0	0	0	660	0	0	0	0	464	0	0	0	0	0	0	0	182	0	0
Bacteria	Bacteria	Pseudomonadota	Gammaproteobacteria	Enterobacterales	Enterobacteriaceae	Klebsiella	Klebsiella oxytoca	0	0	0	0	0	0	0	0	0	0	0	0	0	0	0	0	0	0	0	0	0	0	0	0	0	0	0	0	408	0	0	0	0	0	0	0
Bacteria	Bacteria	Bacillota	Clostridia	Lachnospirales	Lachnospiraceae	Anaerostipes	Anaerostipes hadrus	1	0	0	1	0	0	0	0	0	196	4	0	18	0	225	357	0	53	41	0	0	2	288	0	11	0	0	1	0	0	0	0	0	0	30	5
Bacteria	Bacteria	Bacillota	Clostridia	Eubacteriales	Oscillospiraceae	Ruminococcus	Ruminococcus sp. SR1/5	0	0	0	0	0	0	0	37	0	0	0	0	0	0	0	0	0	0	0	0	0	0	0	0	0	0	0	0	0	0	0	0	0	0	15	0
Bacteria	Bacteria	Bacteroidota	Bacteroidia	Bacteroidales	Bacteroidaceae	Bacteroides	Bacteroides faecis	0	0	0	0	0	0	0	222	0	1001	0	0	0	0	0	0	0	0	0	0	2	0	862	0	0	0	0	0	0	0	0	0	0	0	0	0
Bacteria	Bacteria	Actinomycetota	Coriobacteriia	Coriobacteriales	Coriobacteriaceae	Collinsella	Collinsella aerofaciens	0	0	0	47	0	0	0	0	36	26	0	0	0	0	0	0	0	0	0	0	0	46	216	0	0	0	0	0	0	0	0	0	0	0	129	49
Bacteria	Bacteria	Bacillota	Clostridia	Lachnospirales	Lachnospiraceae	Coprococcus	Coprococcus sp. ART55/1	0	0	0	0	0	0	0	0	0	0	0	0	0	0	0	0	0	0	0	0	0	0	0	0	260	0	0	0	0	0	0	0	0	0	0	0
Bacteria	Bacteria	Fusobacteriota	Fusobacteriia	Fusobacteriales	Fusobacteriaceae	Fusobacterium	Fusobacterium animalis	0	0	0	0	0	0	0	0	0	0	0	0	0	0	0	0	0	0	0	0	0	0	0	0	0	0	0	0	0	274	0	158	0	278	0	0
Bacteria	Bacteria	Bacteroidota	Bacteroidia	Bacteroidales	Bacteroidaceae	Bacteroides	Bacteroides fragilis	0	0	0	0	0	0	0	0	233	3	0	0	0	9	0	0	0	1	0	0	520	29	2	0	0	0	0	0	0	0	0	0	0	0	0	0
Bacteria	Bacteria	Bacteroidota	Bacteroidia	Bacteroidales	Bacteroidaceae	Bacteroides	Bacteroides thetaiotaomicron	0	0	0	0	0	0	0	3	0	3	0	0	0	497	129	0	0	0	0	0	1	0	2	0	0	0	0	0	55	0	0	0	0	403	3	3
Bacteria	Bacteria	Bacteroidota	Bacteroidia	Bacteroidales	Bacteroidaceae	Bacteroides	Bacteroides uniformis	108	241	0	20	113	248	117	55	0	467	108	123	107	28	27	27	103	0	0	104	8	0	11	110	0	0	0	113	0	0	0	0	0	0	0	0
Bacteria	Bacteria	Bacteroidota	Bacteroidia	Bacteroidales	Bacteroidaceae	Phocaeicola	Phocaeicola vulgatus	69	61	0	66	0	0	0	0	83	197	68	72	75	69	341	402	69	94	63	76	25	0	219	77	344	0	0	0	0	0	95	0	72	0	441	570
Bacteria	Bacteria	Bacteroidota	Bacteroidia	Bacteroidales	Tannerellaceae	Parabacteroides	Parabacteroides distasonis	0	0	0	384	65	4	54	78	46	0	0	0	0	0	0	0	0	1	0	0	1	0	3	0	443	0	304	58	0	0	0	0	0	0	23	0
Bacteria	Bacteria	Actinomycetota	Coriobacteriia	Eggerthellales	Eggerthellaceae	Eggerthella	Eggerthella lenta	0	140	0	0	49	35	0	0	0	0	0	0	0	0	52	4	0	0	9	0	0	0	0	0	0	0	0	0	0	0	0	0	0	0	0	0
Bacteria	Bacteria	Bacillota	Clostridia	Eubacteriales	Oscillospiraceae	Faecalibacterium	Faecalibacterium prausnitzii	20	1	0	375	0	0	0	0	0	712	82	79	44	241	0	0	0	0	0	60	0	0	40	0	856	0	0	0	0	0	0	0	0	0	173	0
Bacteria	Bacteria	Bacillota	Clostridia	Lachnospirales	Lachnospiraceae	Dorea	Dorea longicatena	0	0	0	4	0	0	0	162	1	331	246	279	0	168	61	91	0	0	0	1	0	0	137	0	206	0	0	1	0	0	0	0	0	0	33	164
Bacteria	Bacteria	Bacillota	Clostridia	Lachnospirales	Lachnospiraceae	Blautia	Blautia luti	0	0	0	0	0	0	0	0	3	0	0	0	0	0	3	1	0	0	0	0	0	0	1	0	0	0	0	0	0	0	0	1	0	0	0	0
Unclassified	NA	NA	NA	NA	NA	NA	NA	1994	2098	1736	3514	624	1075	2112	1992	1308	2078	1946	1109	1897	189	2627	2468	1439	4670	2175	2048	1393	4349	4367	1654	5192	917	758	3616	7	1744	280	2177	760	654	2624	3591
