species,1-MDcol002-5-2.report,11-MDCol002-label-12-on-bottle.report,14-MDCOL003-Stool-1B-Baseline-BSB-2-4-1-4.report,15-MDcol004-3-1-pretreat.report,17-MDCOL006-3-1A.report,19-MDCOL006-3-2A.report,21-MDCOL006-2-pre-chemo-A.report,23-MDcol033-1A.report,25-MDcol036-1A.report,27-MDcol025-1B.report,28-7A-1-1.report,29-7A.report,3-MDcol002-5-1.report,30-8B.report,31-8B.report,33-6-2.report,36-40-1B.report,38-S-Swanson.report,40-MDCol002-7-43.report,42-51-1B.report,45-MDCOL005-1B.report,46-MDCOL015-1a.report,48-MDCOL039-1a.report,5-MDCOL055-Stool-1A-Baseline-BSB-2-4-1-2.report,50-MDCOL027-1a.report,52-MDCOL021-1b.report,54-MDCOL028-1b.report,60-MDcol006-4-1A.report,63-MDcol003-3-2.report,65-MDCOL003-Post-Chemo-Collection-Cycle-1-A.report,66-MDCOL004-1A.report,68-MDCOL003-3-1-Before-Chemo-2-3A.report,7-MDCOL058-Stool-1A-Baseline-BSB-2-4-1-3.report,70-MDCOL004-3-2-Post-Chemo-A.report,72-MDCOL003-4-1-4A-Before-Chemo-6.report,75-MDCOL053-1-1-1-Unknown.report,9-MDCOL062-Stool-1A-Baseline-BSB-2-4-1-3.report
Acetobacterium_wieringae,,,,,,,1.0,,,,,,,,,,,,,,,,,,,,,,,,,,,,,,
Acidaminococcus_fermentans,,,,,,,,,,,,,,,,,,,,,,,,,,,,,,,,,,,,1.0,
Acidaminococcus_intestini,,,,8.0,,,,,,,,,1.0,,,,,1.0,2.0,,,,1595.0,,,40.0,,,,,,,,,,13.0,1.0
Acidilutibacter_cellobiosedens,,,,,5.0,6.0,4.0,,,,,,,,,,1.0,,,,,,,,,,,1.0,,,,,,,,,
Acinetobacter_haemolyticus,,,,,,,,,,,,,,,,,,,,,1.0,,,,,,,,,,,1.0,,,,,
Actinomyces_israelii,,,2.0,,,,,1.0,,,,,,,,,,,,,,,,,,,,,,,,,,,,,
Actinomyces_massiliensis,,,,,,,1.0,,,,,,,,,,,,,,,,,,,,,,,,,,,,,,
Actinomyces_naeslundii,,,,1.0,,,,,,3.0,,,,,,,,,,,,,,,,11.0,,,,,,,,,,1.0,
Actinomyces_oris,,3.0,10.0,,,4.0,31.0,,,,,,1.0,,1.0,,3.0,2.0,2.0,,1.0,,1.0,,,96.0,,,,1.0,,,4.0,,,,1.0
Actinomyces_pacaensis,,,,,,1.0,,,,1.0,,,1.0,,,1.0,,,,,,1.0,,,,3.0,,,,,,,,,,,
Actinomyces_sp._HMT_175,,,,,,4.0,2.0,,,,,,,,,,,,,,,,2.0,,,34.0,,,,,,,,,,,
Actinomyces_sp._oral_taxon_169,,,3.0,,,,2.0,,,,,,,,,,,1.0,,,,,,,,48.0,,,,,,,,,3.0,,
Actinomyces_sp._oral_taxon_171,,,,,,2.0,6.0,,,,,,1.0,,,,,,,,,,1.0,,,,,,,,,,,,,1.0,
Actinomyces_sp._oral_taxon_414,,,,,,,,,,,,,,,,,,,,,,,,,,,,,,,,,,,,,1.0
Actinomyces_viscosus,,,,,,,1.0,,,,,,,,,,,,,,,,,,,1.0,,,,,,,,,,,
Actinotignum_urinale,1.0,,,,,,,,,,,,,,,,,,,,,,,,,,,,,,,,,,,,
Acutalibacter_muris,4.0,4.0,,5.0,2.0,1.0,1.0,4.0,8.0,,1.0,1.0,7.0,1.0,,,6.0,8.0,2.0,1.0,1.0,16.0,2.0,7.0,2.0,2.0,,5.0,1.0,,4.0,,3.0,,,3.0,
Adlercreutzia_equolifaciens,280.0,164.0,,674.0,2.0,7.0,12.0,,,367.0,243.0,204.0,244.0,47.0,269.0,236.0,243.0,223.0,166.0,36.0,356.0,,226.0,251.0,235.0,,,49.0,,,,,241.0,,,8.0,42.0
Adlercreutzia_hattorii,2457.0,1406.0,,549.0,174.0,144.0,121.0,,,983.0,2503.0,1849.0,2405.0,591.0,2371.0,2238.0,2467.0,2063.0,1555.0,393.0,1185.0,,354.0,2393.0,140.0,1.0,,2202.0,,,2.0,1.0,2322.0,,,17.0,54.0
Aequoribacter_fuscus,,,3.0,,,,,,,,,,,,,,,,,,,,,,,,,,,,,,,,,,
Aerococcus_loyolae,,,,,,,,,,,,,,,,,,,,,,,,,,2.0,,,,,,,,,,,
Aerococcus_tenax,,,,,,,,,,,,,,,,,,,,,,,,,,3.0,,,,,,,,,,,
Aerococcus_viridans,,,,,,,,,,,,,,,,,,,,,,,,,,,1.0,,,,,,,,,,
Aeromonas_allosaccharophila,,,45.0,,,,,,,,,,,,,,,,,,,,,,,,,,45.0,27.0,,,,,,,
Aeromonas_hydrophila,,,,,,,,,,,,,,,,,,,,,,,,,,,,,2.0,,,,,,,,
Aeromonas_salmonicida,,,4.0,,,,,,,,,,,,,,,,,,,,,,,,,,4.0,6.0,,,,,,,
Afonbuvirus_coli,,,,,,,,,,,,,,,,,,,,,,,,,7.0,,,,,,,,,,,1.0,
Afonbuvirus_faecalis,,,,,,,,,,,,,,,,,,,,,,,,,2.0,,,,,,,,,,,,
Agathobacter_rectalis,2295.0,2998.0,1517.0,3314.0,15.0,38.0,54.0,372.0,38.0,1920.0,3057.0,1886.0,2894.0,1889.0,3462.0,1978.0,2362.0,1969.0,1075.0,522.0,134.0,62.0,856.0,165.0,3401.0,90.0,8.0,180.0,30.0,495.0,15.0,433.0,180.0,4.0,230.0,2646.0,211.0
Agathobaculum_sp._NTUH-O15-33,,,,1.0,,,,23.0,,12.0,,,2.0,,7.0,,1.0,6.0,1.0,9.0,29.0,1.0,26.0,1.0,3.0,,,,,,,,,,3.0,17.0,46.0
Akkermansia_massiliensis,,,,,,,,,,,,,,,,,,,,,,9.0,,,,,,,,,,,,,,,
Akkermansia_muciniphila,,,,2360.0,,,,2.0,2.0,2.0,,,2.0,2.0,1.0,,,3.0,3.0,1.0,,1.0,172.0,,572.0,,2.0,3.0,,,1285.0,,2.0,206.0,,355.0,2812.0
Akkermansia_sp._AE01SA01,2.0,9.0,,,,,,,,,,2.0,13.0,,1.0,,6.0,4.0,2.0,2301.0,,,,4.0,,,,,,,,,,,,,
Akkermansia_sp._RCC_12PD,,,,,,,,,,,,,,,,,,,,3.0,,,,,,,,,,,,,,,,,
Alistipes_communis,623.0,3.0,,1603.0,,,,53.0,,20.0,2799.0,2099.0,2991.0,1292.0,1017.0,1475.0,2.0,,,,32.0,,229.0,,21.0,3.0,,,,,2.0,,,,,153.0,2288.0
Alistipes_dispar,,,,8.0,,,,,,,,,,1.0,1.0,,,,,8.0,28.0,,64.0,,,,,,,,1.0,,,,,4.0,54.0
Alistipes_finegoldii,6.0,,,16.0,,,,1030.0,,1695.0,2356.0,2776.0,403.0,3050.0,2796.0,2970.0,,,,63.0,167.0,,33.0,,1869.0,,,,,,7.0,,,,,933.0,318.0
Alistipes_ihumii,,,,564.0,,,,,,,2.0,1.0,1.0,,,1.0,,,,,,,39.0,,1057.0,,,,,,2.0,,,,,29.0,554.0
Alistipes_indistinctus,,,,2.0,,,,1.0,,9.0,,,,,,,,,,,,,2.0,,6.0,,,,,,,,,,,1.0,53.0
Alistipes_megaguti,,,,1.0,,1.0,2.0,,,,,,,,3.0,,,,,8.0,,,,6.0,6.0,,,2.0,,,,,,,,4.0,4.0
Alistipes_onderdonkii,24.0,,,599.0,,,,3220.0,,761.0,54.0,46.0,43.0,64.0,48.0,59.0,,,,86.0,2629.0,,176.0,38.0,75.0,,,,,,2302.0,,3.0,52.0,,650.0,1177.0
Alistipes_senegalensis,5.0,5.0,,12.0,,,,5.0,,18.0,13.0,8.0,8.0,10.0,15.0,12.0,6.0,9.0,,36.0,8.0,,75.0,92.0,50.0,,,,,,5.0,,5.0,,5.0,953.0,67.0
Alistipes_shahii,1.0,,,768.0,,,,3.0,,2830.0,17.0,19.0,6.0,18.0,16.0,12.0,,,,252.0,30.0,,2153.0,72.0,1917.0,23.0,,,1.0,,8.0,,,,,783.0,1198.0
Alistipes_sp._dk3624,1.0,,,4.0,,,,,,589.0,1.0,1.0,,,,,1.0,,,,,,28.0,,2.0,,,,,,1.0,,,,,6.0,1.0
Alkalibacterium_putridalgicola,,,,,1.0,1.0,,,,,,,,,,,,,,,,,,,,,,,,,,,,,,,
Alkaliphilus_sp._B6464,,,,,,,1.0,,,,,,,,,,,,,,,,,,,,,,,,,,,,,,
Allocoprobacillus_halotolerans,,1.0,,2.0,18.0,7.0,97.0,2.0,3.0,2.0,,,1.0,,,1.0,3.0,4.0,1.0,1.0,2.0,66.0,2.0,,6.0,4.0,9.0,92.0,,,,,,,3.0,,
Amedibacterium_intestinale,9.0,19.0,7.0,9.0,3.0,4.0,2.0,6.0,4.0,20.0,5.0,4.0,8.0,3.0,13.0,8.0,13.0,23.0,17.0,2.0,11.0,18.0,21.0,,20.0,5.0,,2.0,5.0,13.0,,8.0,3.0,,12.0,2.0,6.0
Aminipila_luticellarii,,,,,,,8.0,1.0,1.0,,,,1.0,,1.0,,1.0,1.0,,,,,,,5.0,1.0,,,,,,,,,,,
Amphibacillus_xylanus,,,,,,,14.0,,,,,,,,,,,,,,,,,,,,,,,,,,,,,,
Amygdalobacter_nucleatus,,,,,,,,3.0,,,,,,,,,,,,,,,,,,,,,,,,,,,,1.0,
Anaerobutyricum_hallii,3235.0,3061.0,31.0,4839.0,17.0,33.0,16.0,89.0,15.0,1104.0,3381.0,2665.0,2468.0,2321.0,641.0,2006.0,1536.0,137.0,1220.0,1325.0,3171.0,863.0,3460.0,2038.0,3073.0,230.0,4.0,50.0,7.0,25.0,22.0,85.0,1262.0,4.0,24.0,3040.0,1321.0
Anaerococcus_mediterraneensis,,,,,,,,,,,,,,,,,,,,,,,,,,3.0,,,,,,,,,,,
Anaerococcus_nagyae,,,,,,,,,,,,,,,,,,,,,,1.0,,,,,,,,,,,,,,,
Anaerococcus_obesiensis,,,,,,,,,,,,,,,,,,,,,,21.0,,,,508.0,,,,,,,,,,,
Anaerococcus_prevotii,,,,,,,,,,,,,,,,,,,,,,,,,,1.0,,,,,,,,,,,
Anaerococcus_sp._Marseille-Q7828,,,,,,,,,,,,,,,,,,,,,,,,,,2.0,,,,,,,,,,,
Anaerococcus_vaginalis,,,,,,,,,,,,,,,,,,,,,,6.0,,,,232.0,,,,,,,,,,,
Anaerocolumna_cellulosilytica,,,,1.0,2.0,2.0,,,,,,,,,,,,,,,,,,,,,,,,,,,,,,,
Anaerocolumna_sp._AGMB13025,,,,,,,,1.0,,,,,,,,,,,,,,,,,,,,,,,,,,,,,
Anaeropeptidivorans_aminofermentans,,,,1.0,,,,,,,,,,,,,,,,,,,,,,,,,,,,,,,,,
Anaerostipes_caccae,1.0,5.0,1.0,3.0,4.0,1.0,102.0,155.0,54.0,,1.0,,2.0,,3.0,2.0,3.0,7.0,1.0,1.0,76.0,135.0,1.0,,2.0,3061.0,,82.0,,,,,1.0,,52.0,1.0,12.0
Anaerostipes_hadrus,1760.0,611.0,1.0,2263.0,6.0,122.0,3.0,10.0,4.0,1396.0,2807.0,1203.0,3059.0,1724.0,682.0,1402.0,1895.0,242.0,2775.0,52.0,25.0,2697.0,2240.0,734.0,3366.0,52.0,1.0,3018.0,14.0,11.0,9.0,12.0,31.0,2.0,2.0,3119.0,2756.0
Anaerostipes_rhamnosivorans,,,,,,,,,9.0,,,,2.0,,,,,1.0,,,,,,,,,,2.0,,,,,,,,,
Anaerostipes_sp._PC18,,,,2.0,,5.0,124.0,2.0,802.0,,1.0,1.0,2.0,,,,2.0,3.0,2.0,1.0,3.0,6.0,1.0,1.0,2.0,19.0,1.0,96.0,,3.0,,2.0,,,5.0,4.0,1.0
Anaerotignum_propionicum,,,,,,,,,,,,,,,,,,,,,,,,,,,,2.0,,,3.0,,,,,,
Anaerotignum_sp._MB30-C6,,,,,,1.0,1.0,,,,,,,,,,,,,,,,,,,,,,,,,,,,,,
Anaerotruncus_colihominis,125.0,252.0,5.0,622.0,5.0,84.0,31.0,163.0,400.0,80.0,140.0,118.0,499.0,111.0,77.0,135.0,264.0,121.0,626.0,81.0,4.0,133.0,82.0,147.0,107.0,12.0,,3024.0,7.0,4.0,111.0,7.0,63.0,,18.0,245.0,651.0
Arabiibacter_massiliensis,1.0,3.0,,,2.0,2.0,,,,,2.0,,1.0,2.0,2.0,3.0,4.0,,2.0,,1.0,,,,,,,,,,,,1.0,,2.0,1.0,1.0
Arcanobacterium_haemolyticum,,,,,1.0,,,,,,,,1.0,,,,,1.0,,,,,,,,,,,,1.0,,,,,1.0,,
Aristaeella_lactis,,,,,,,,,,,,,,,5.0,,,,,,,,,,,,,,,,,,,,,,2.0
Atlantibacter_hermannii,,,1.0,,,,,,,,,,,,,,,,,,,,,,,,,,,,,,,,,,
Atlantibacter_subterranea,,,1.0,,,,,,,,,,,,,,,,,,,,,,,,,,,1.0,,,,,,,
Atopobium_sp._oral_taxon_416,,,1.0,,,,,10.0,,,,,,,,,,,,,,,,,,,,,,,,,,,,,
Bacillus_cereus,,,,,,,,,,,,,,,,,,,,,,,,,,,,,4.0,,,,,,1.0,,
Bacillus_paralicheniformis,,,,,,,,,,,,,,,,,,,,,,,,,1.0,,,,,,,,,,,,
Bacteroides_caccae,,3.0,,197.0,,1.0,,31.0,249.0,3921.0,4.0,2.0,4.0,10.0,6.0,4.0,2.0,,5.0,,517.0,,3658.0,,3834.0,2.0,,,1.0,,719.0,,,51.0,9.0,1679.0,197.0
Bacteroides_caecimuris,1.0,2.0,,1.0,,,,2.0,,36.0,,,1.0,,1.0,,,,15.0,,11.0,,5.0,1.0,41.0,3.0,,,,,2.0,,,1.0,22.0,10.0,14.0
Bacteroides_cellulosilyticus,2.0,3.0,,1.0,,,,3898.0,,7068.0,10.0,12.0,12.0,,5.0,,4.0,,2.0,1.0,23.0,,23.0,,83.0,1.0,,,,,,,1.0,,,456.0,136.0
Bacteroides_eggerthii,1.0,2.0,,1689.0,,1.0,,,1.0,15.0,12.0,9.0,10.0,6.0,4.0,1.0,4.0,9.0,2.0,4.0,83.0,,55.0,2.0,1544.0,1.0,,,,,2085.0,,5.0,34.0,1.0,21.0,12.0
Bacteroides_faecis,3.0,7.0,3.0,65.0,1.0,29.0,1.0,252.0,10.0,1844.0,2.0,5.0,9.0,47.0,46.0,,2.0,,7.0,4.0,2136.0,,2978.0,7.0,38.0,4.0,,1.0,,,32.0,,2.0,5.0,4.0,54.0,39.0
Bacteroides_faecium,58.0,222.0,,,,,,,1.0,55.0,35.0,14.0,96.0,,,,30.0,10.0,685.0,60.0,,,20.0,90.0,142.0,,,,,,5.0,,10.0,,27.0,18.0,6.0
Bacteroides_finegoldii,,1.0,,4.0,,,,2.0,2.0,1420.0,6.0,2.0,5.0,24.0,22.0,5.0,,,10.0,,23.0,,2880.0,3.0,184.0,10.0,,,,,5.0,,1.0,1.0,12.0,30.0,24.0
Bacteroides_fragilis,8.0,12.0,,47.0,4.0,70.0,4.0,2432.0,374.0,76.0,21.0,22.0,23.0,216.0,236.0,18.0,20.0,112.0,25.0,34.0,3958.0,102.0,82.0,14.0,96.0,48.0,,4.0,,,60.0,,26.0,13.0,7.0,74.0,1089.0
Bacteroides_graminisolvens,,,,,,,,,,,,1.0,,,,,,,,,,,,,,,,,,,,,,,,,
Bacteroides_helcogenes,,,,,1.0,,3.0,1.0,,,,,,,,,,,,,6.0,,11.0,,4.0,2.0,,,,,,,,,,,2.0
Bacteroides_heparinolyticus,,,,,,,,,,,,,,,,,,,,,,,,,,,,,,,2.0,,,,,7.0,1.0
Bacteroides_humanifaecis,,,,,,,,30.0,,171.0,,,,,5.0,6.0,,,,,179.0,,6.0,,53.0,36.0,,,,,109.0,,63.0,,,258.0,137.0
Bacteroides_intestinalis,,,,1.0,,,,9.0,,26.0,,,,,,,,,,,,,17.0,,1677.0,,,,,,2.0,,1.0,,,16.0,25.0
Bacteroides_luhongzhouii,1.0,2.0,,1.0,,1.0,,1.0,,40.0,1.0,,1.0,,,2.0,1.0,,6.0,,,,27.0,1.0,1.0,1.0,,,,,3.0,,,,11.0,22.0,1.0
Bacteroides_nordii,,4.0,,1.0,,,,,,29.0,2.0,2.0,3.0,,,,,8.0,3.0,3.0,3.0,,40.0,,1.0,,,,,,,,,,,15.0,6.0
Bacteroides_ovatus,138.0,198.0,,865.0,167.0,1792.0,182.0,219.0,22.0,2262.0,151.0,146.0,190.0,452.0,727.0,5355.0,138.0,85.0,912.0,392.0,36.0,2.0,5396.0,165.0,1632.0,3320.0,,165.0,,,121.0,,769.0,30.0,466.0,5080.0,4478.0
Bacteroides_salyersiae,5.0,5.0,,15.0,,,,3.0,,3947.0,7.0,7.0,9.0,9.0,7.0,2.0,9.0,3.0,1.0,3.0,11.0,,21.0,3.0,2.0,4.0,,,1.0,,27.0,,4.0,8.0,1.0,37.0,104.0
Bacteroides_sp._A1C1,,,,10.0,,,,17.0,,427.0,,,7.0,,,,,,,,133.0,,,,60.0,16.0,,,,,70.0,,88.0,,12.0,55.0,126.0
Bacteroides_sp._BFG-257,,,,,,,,,,45.0,,,,,,,,,,,,,,,,,,,,,,,,,,,
Bacteroides_sp._CACC_737,,,,63.0,,4.0,,45.0,,124.0,,,,,,,,,,,81.0,,78.0,,14.0,12.0,,2.0,,,55.0,,,,,62.0,104.0
Bacteroides_sp._D2,6.0,13.0,,9.0,,,,,,49.0,,,5.0,,,5.0,,,39.0,,,,123.0,7.0,29.0,68.0,,,,,,,,,4.0,225.0,48.0
Bacteroides_sp._DH3716P,,,,32.0,,,,,65.0,231.0,,,,,,62.0,,,,,19.0,,89.0,,52.0,71.0,,,,,30.0,,9.0,,161.0,205.0,168.0
Bacteroides_sp._HF-162,,,,42.0,,7.0,,4.0,,185.0,,,10.0,,,,,,,,83.0,,24.0,,,22.0,,,,,66.0,,55.0,,8.0,75.0,42.0
Bacteroides_sp._M10,6.0,14.0,,2.0,,1.0,,1.0,,50.0,1.0,,5.0,2.0,3.0,7.0,,2.0,43.0,,2.0,,57.0,11.0,18.0,108.0,,,,,1.0,,1.0,,,85.0,40.0
Bacteroides_sp._MSB163,,,,,,1.0,,21.0,,110.0,,,,,1.0,,,,,,,,384.0,1.0,57.0,,,,,,12.0,,,1.0,1.0,17.0,122.0
Bacteroides_sp._ZJ-18,,7.0,,11.0,,5.0,,,,,6.0,7.0,7.0,,,,13.0,,,,18.0,,,,6.0,,,,,,,,,,,,8.0
Bacteroides_stercoris,,,,11.0,,2.0,,,97.0,220.0,1.0,,,1.0,,,2.0,,,,1584.0,,539.0,,3171.0,18.0,,,,,15.0,,2.0,4.0,,2087.0,4.0
Bacteroides_thetaiotaomicron,10.0,10.0,2.0,1859.0,4.0,35.0,7.0,127.0,9.0,338.0,69.0,62.0,46.0,5158.0,5817.0,24.0,11.0,7.0,6.0,12.0,164.0,,141.0,10.0,1323.0,69.0,6.0,6.0,173.0,,1664.0,15.0,19.0,523.0,5589.0,386.0,2438.0
Bacteroides_uniformis,196.0,372.0,,300.0,190.0,576.0,202.0,493.0,3.0,2816.0,256.0,279.0,219.0,265.0,231.0,221.0,209.0,31.0,26.0,386.0,3641.0,,336.0,236.0,3593.0,866.0,,203.0,,,2515.0,,4039.0,86.0,109.0,742.0,4145.0
Bacteroides_xylanisolvens,2.0,8.0,,136.0,,10.0,,3239.0,363.0,4371.0,14.0,10.0,4.0,28.0,10.0,54.0,2.0,4.0,31.0,16.0,57.0,,828.0,4.0,138.0,88.0,,,,,115.0,,14.0,80.0,4668.0,443.0,540.0
Bacteroides_zhangwenhongii,7.0,23.0,,9.0,,1.0,,2.0,,95.0,3.0,1.0,8.0,,,,3.0,,51.0,1.0,2.0,,189.0,10.0,8.0,5.0,,,,,49.0,,,10.0,,1.0,
Bacteroides_zoogleoformans,,,,1.0,,,,1.0,,1.0,,,,,,,,1.0,,,,,1.0,,,,,,,,,,,,,,1.0
Barnesiella_sp._An22,,1.0,,2.0,3.0,5.0,4.0,1.0,,,,1.0,1.0,,,1.0,,,,,16.0,,26.0,,66.0,,,8.0,,,2.0,,,1.0,,60.0,4.0
Barnesiella_viscericola,,,,1.0,,4.0,,7.0,,3.0,2.0,2.0,,3.0,4.0,4.0,,,,,24.0,,19.0,,7.0,,,,,,1.0,,,,,2.0,6.0
Berryella_intestinalis,2.0,3.0,,,,,,,,,1.0,4.0,1.0,2.0,,1.0,2.0,,,1.0,,,,1.0,,,,,,,,,,,,,1.0
Bifidobacterium_adolescentis,,,,1150.0,1.0,,,1939.0,,730.0,1.0,2.0,,3.0,,,,2.0,,,5.0,,6.0,,954.0,,5.0,,,2.0,,,,,,1308.0,24.0
Bifidobacterium_angulatum,,,,,,,,6.0,,2.0,,,,,,,,,,,,,,,2.0,,,,,,,,,,,6.0,
Bifidobacterium_animalis,,3.0,,,,,215.0,,,,6.0,,,,,,3.0,,,,70.0,,25.0,,,,,,,,,,,,,,
Bifidobacterium_bifidum,1.0,1.0,,,,,,7.0,,484.0,,1.0,,,,,1.0,,,1.0,,,7.0,,67.0,,4.0,,,,5.0,,,,,,
Bifidobacterium_breve,2.0,1.0,1.0,2.0,318.0,105.0,94.0,6.0,,21.0,1.0,2.0,1.0,,,,3.0,4.0,2.0,,7.0,10.0,6.0,3.0,55.0,9.0,16.0,6.0,2.0,,,3.0,,,1.0,30.0,2.0
Bifidobacterium_catenulatum,,1.0,2.0,4.0,,1.0,,2.0,,20.0,3.0,,1.0,,,,1.0,1.0,,,,,1.0,,5.0,4.0,52.0,2.0,,1.0,,,,,1.0,21.0,20.0
Bifidobacterium_dentium,,,525.0,,,1.0,,86.0,,,,,,,,,,,,,1.0,,5.0,,112.0,919.0,2.0,,,1920.0,,171.0,,,,,
Bifidobacterium_eulemuris,,,,,1.0,,,,,,,,,,1.0,,,,,,,,,,,,,,,,,,,,,,
Bifidobacterium_faecale,,,,21.0,,,,21.0,,37.0,,,,,,,,,,,,,,,6.0,,6.0,,,,,,,,,104.0,5.0
Bifidobacterium_longum,11.0,10.0,2.0,31.0,21.0,18.0,2.0,161.0,1535.0,1505.0,10.0,9.0,8.0,6.0,11.0,13.0,5.0,11.0,9.0,9.0,7.0,,1242.0,3.0,1159.0,1101.0,6.0,1.0,,,,2.0,3.0,,12.0,2757.0,32.0
Bifidobacterium_pseudocatenulatum,1.0,4.0,,11.0,,,2.0,14.0,2.0,159.0,3.0,1.0,3.0,3.0,1.0,2.0,3.0,3.0,5.0,1.0,,,2.0,,14.0,3.0,543.0,,,,2.0,,,,,218.0,295.0
Bifidobacterium_pullorum,,,,,,,,4.0,,,,,,,,,,,,,,,,,,,,,,,,,,,,,
Bifidobacterium_scardovii,,,871.0,,,,,,,,,,,,,,,,,,1968.0,,,,1.0,80.0,,,,39.0,,8.0,,,,,
Blautia_argi,2.0,8.0,20.0,19.0,2.0,6.0,8.0,24.0,28.0,15.0,8.0,8.0,7.0,3.0,8.0,7.0,3.0,15.0,17.0,7.0,12.0,101.0,33.0,5.0,13.0,76.0,,39.0,18.0,22.0,3.0,25.0,6.0,,22.0,7.0,3.0
Blautia_coccoides,60.0,238.0,67.0,33.0,327.0,102.0,3225.0,244.0,121.0,37.0,38.0,24.0,178.0,29.0,48.0,88.0,136.0,77.0,396.0,105.0,57.0,142.0,23.0,92.0,22.0,159.0,7.0,3694.0,92.0,109.0,,299.0,55.0,,207.0,215.0,115.0
Blautia_hansenii,5.0,2.0,8.0,16.0,,1.0,1.0,51.0,60.0,12.0,2.0,5.0,9.0,2.0,5.0,8.0,6.0,38.0,12.0,5.0,11.0,1433.0,3084.0,5.0,17.0,106.0,,2.0,25.0,21.0,3.0,30.0,5.0,3.0,24.0,15.0,4.0
Blautia_hydrogenotrophica,12.0,4.0,,819.0,2353.0,3100.0,638.0,23.0,2.0,211.0,8.0,5.0,3.0,5.0,8.0,9.0,3.0,4.0,1.0,1.0,6.0,1503.0,3115.0,4.0,18.0,1809.0,,2478.0,,,6.0,,6.0,1.0,3.0,966.0,11.0
Blautia_liquoris,,,,2.0,16.0,15.0,18.0,,,1.0,1.0,,,,,,1.0,2.0,2.0,,,1.0,9.0,,,2.0,,12.0,,,,,,,,2.0,
Blautia_luti,233.0,231.0,21.0,180.0,90.0,138.0,11.0,83.0,150.0,474.0,271.0,276.0,166.0,299.0,474.0,402.0,204.0,221.0,164.0,126.0,94.0,69.0,490.0,222.0,452.0,84.0,,19.0,12.0,221.0,,275.0,277.0,,96.0,278.0,121.0
Blautia_massiliensis_(ex_Durand_et_al._2017),,,,,,,,,,1772.0,,,,,,,,,,,,,2391.0,,1927.0,,,,,,,,,,,,
Blautia_obeum,1602.0,3266.0,6.0,4453.0,4.0,53.0,12.0,165.0,42.0,2664.0,3702.0,2632.0,3707.0,616.0,3742.0,1577.0,3503.0,2740.0,1940.0,1721.0,801.0,292.0,787.0,1806.0,1644.0,2764.0,,42.0,25.0,11.0,7.0,34.0,2554.0,,76.0,1537.0,4253.0
Blautia_parvula,,1.0,,5.0,34.0,1.0,75.0,190.0,1547.0,18.0,1.0,1.0,5.0,1.0,1.0,,5.0,12.0,43.0,2.0,422.0,3025.0,36.0,2.0,37.0,4949.0,,187.0,3.0,2027.0,4.0,4193.0,1.0,,5335.0,,12.0
Blautia_producta,102.0,86.0,90.0,20.0,125.0,18.0,729.0,223.0,66.0,36.0,53.0,48.0,73.0,36.0,61.0,44.0,111.0,69.0,1064.0,86.0,46.0,142.0,56.0,82.0,29.0,191.0,28.0,852.0,12.0,119.0,,206.0,37.0,,259.0,103.0,216.0
Blautia_pseudococcoides,1.0,3.0,1.0,6.0,1797.0,158.0,3443.0,7.0,41.0,2.0,2.0,1.0,4.0,1.0,2.0,3.0,8.0,5.0,5.0,3.0,7.0,59.0,1.0,2.0,2.0,80.0,7.0,1502.0,,75.0,,96.0,2.0,1.0,141.0,,996.0
Blautia_sp._SC05B48,314.0,171.0,2.0,373.0,9.0,15.0,3.0,159.0,15.0,203.0,176.0,299.0,166.0,369.0,146.0,184.0,110.0,106.0,125.0,162.0,58.0,31.0,565.0,340.0,308.0,18.0,3.0,3.0,2.0,7.0,5.0,7.0,366.0,,6.0,307.0,349.0
Blautia_wexlerae,1434.0,2931.0,150.0,2807.0,1995.0,2516.0,282.0,114.0,1668.0,5193.0,2514.0,4211.0,959.0,3561.0,3447.0,2881.0,1865.0,1413.0,882.0,1282.0,835.0,1206.0,4071.0,2395.0,4531.0,1142.0,4.0,151.0,40.0,465.0,5.0,814.0,2620.0,,566.0,4583.0,853.0
Blohavirus_americanus,,,,,,,,,,,,,,,,,,,,,1.0,,,,14.0,,,,,,,,,,,,
Blohavirus_faecalis,,,,,,,,,,,,,,,,,,,,,,,,,1.0,,,,,,,,,,,,
Bosea_beijingensis,,,,,,,,,,,,,,,,,,,,,,3.0,,,,,,,,,,,,,,,
Brigitvirus_brigit,1.0,,,,,,,,,,,,,,,,,,,,,,,,14.0,,,,,,,,,,,,10.0
Brussowvirus_CHPC869,,,,,,,,,,,,,,,,,,,,,,,,,,,,,,,,20.0,,,,,
Brussowvirus_CHPC952,,,,,,,,,,,,,,,,,,,,,,,,,,,,,,,,2.0,,,,,
Brussowvirus_P7951,,,,,,,,,,,,,,,,,,,,,,,,,,,,,,,,4.0,,,,,
Brussowvirus_bvO1205,,,,,,,1.0,,,,,,1.0,,,,,,,,,,,,,,,,,,,,,,,,
Buchavirus_hiberniae,,,,,,,,,,,,,,,,,,,,,,,,,1.0,1.0,,,,,,,,,,,
Buchavirus_intestinalis,,,,,,,,,,,,,,,1.0,,,,,,,,,,,,,,,,,,,,,,
Bulleidia_sp._zg-1006,,,,,,1.0,,,,,,,,,,,,,,,,,,,1.0,,,,,,,,,,1.0,,
Burzaovirus_intestinihominis,,,,1.0,,,,,,,,,,,,,,,,,,,,,,,,,,,,,,,,,
Buttiauxella_sp._3AFRM03,,,,,,,,,,,,,,,,,,,,,,,,,,,,,,1.0,,1.0,,,,,
Butyricicoccus_sp._GAM44,,,,2.0,,,,,,5.0,22.0,11.0,21.0,3.0,16.0,3.0,6.0,,6.0,,,,14.0,4.0,5.0,,,,,,,,1.0,,2.0,10.0,2.0
Butyricimonas_faecalis,,,,10.0,,1.0,,12.0,,9.0,,,,3.0,1.0,,,,,,2.0,,1.0,,1.0,,3.0,,,,2.0,,1.0,,1.0,46.0,8.0
Butyricimonas_faecihominis,,,,16.0,,,,16.0,,1.0,,,,,,,,,,,10.0,,1.0,,30.0,,,,,,3.0,,,,,3538.0,234.0
Butyricimonas_paravirosa,,,,26.0,,,,33.0,,2.0,,,,,,,,,,,2.0,,70.0,,3.0,,,,,,1.0,,,,,18.0,93.0
Butyricimonas_virosa,,,,454.0,,,,452.0,1.0,8.0,,,1.0,,,,,,,,,,23.0,,4.0,4.0,,,,,8.0,,,,,347.0,277.0
Butyrivibrio_fibrisolvens,2.0,4.0,,2.0,3.0,1.0,4.0,1.0,1.0,,,,2.0,1.0,,3.0,3.0,2.0,3.0,,2.0,6.0,,,2.0,,,1.0,,,,,,,,,
Caldifermentibacillus_hisashii,,,,,,,15.0,,,,,,,,,,,,,,,,5.0,,,,,,,,,,,,,,
Campylobacter_coli,,,,1.0,,,,,,3.0,,,1.0,1.0,,1.0,,2.0,,,,1.0,,,3.0,,,,,,4.0,,,,,,
Campylobacter_concisus,,,49.0,,,,,,,,,,,,,,,,,,,,,,,,,,,252.0,,24.0,,,,,
Campylobacter_gracilis,,,,,,,1.0,,,,,,,,,,,4.0,,,,,,,,,,,,11.0,,22.0,,,2.0,,
Campylobacter_jejuni,,,7.0,15.0,,,2.0,5.0,,15.0,,1.0,2.0,1.0,,,,,,,,1.0,6.0,,9.0,,,3.0,3.0,3.0,,,,,2.0,,
Campylobacter_rectus,,,,,,,,,,,,,,,,,,,,,,,,,,,,,,,,2.0,,,,,
Campylobacter_showae,,,,,,,,,,,,,,,,,,,,,,,,,,,,,,,,1.0,,,,,
Campylobacter_ureolyticus,,,,,,,,,,,,,,,,,,,,,,,,,,1.0,,,,,,,,,,,
Candidatus_Nanosynbacter_sp._HMT-352,,,,,,,,,,2.0,,,,,,,,,,,,,,,,,,,,,,,,,,,
Canhaevirus_faecalis,,,,,,,,,,,,,,,,,,,,,2.0,,,,28.0,,,,,,,,,,,,
Canhaevirus_hiberniae,,,,,,,,,,,,,,,,,,,,,65.0,,,,,,,,,,,,,,,3.0,
Caproicibacter_fermentans,,,,1.0,,,1.0,,,,,,,,,,,,,,,,,,,,,,,,,,,,,,
Caproicibacter_sp._BJN0012,,,,,,,5.0,,,,,,,,,,,,,,,,,,,,,,,,,,,,,,
Caproicibacterium_amylolyticum,,,,,,,13.0,,,,,,,,,,,,,,,,,,1.0,,,,,,,,,,,,
Caproicibacterium_argilliputei,,2.0,,3.0,3.0,,,1.0,1.0,2.0,,1.0,,2.0,,,2.0,3.0,2.0,,1.0,4.0,5.0,,8.0,,,3.0,,,,,1.0,,,5.0,1.0
Caproicibacterium_lactatifermentans,,,,,,,,,,,,,1.0,,,,,,,,,,,,,,,,,,,,,,,,
Caproicibacterium_sp._BJN0003,,,,,,,1.0,,,,,,,,,,,,,,,,,,,,,,,,,,,,,,
Caproiciproducens_sp._CPB-2,,,,,,,1.0,,,,,,,,,,,,,,,,,,,,,,,,,,,,,,
Caproiciproducens_sp._NJN-50,,,,,,,17.0,,,,,,,,,,,,,,,,,,,,,,,,,,,,,,
Carjivirus_communis,,,,1.0,,,,,,3.0,,,,,,,,,,,,,,,,,,,,,87.0,,,72.0,,,
Carjivirus_hominis,,,,,,,,,,,,,,,,,,,,,,,,,,,,,,,11.0,,,10.0,,,
Catenibacterium_mitsuokai,5.0,8.0,,1.0,9.0,5.0,12.0,5.0,1.0,2.0,11.0,7.0,3.0,4.0,19.0,7.0,8.0,10.0,2.0,2.0,,4.0,8.0,4.0,55.0,2.0,,4.0,,2.0,,1.0,4.0,,,24.0,18.0
Catenibacterium_sp._co_0103,1.0,1.0,3.0,4.0,,1.0,1.0,,,11.0,,,,,1.0,1.0,1.0,,,,,,5.0,,1647.0,,,4.0,,3.0,,1.0,,,2.0,5.0,1.0
Cedecea_neteri,,,,,,,,,,,,,,,,,,,,,,,,,,,2.0,,,,,,,,,,
Cellulosilyticum_sp._WCF-2,,,8.0,,,,1.0,,,,,,,,,,,,,,,,,,,,,,,4.0,,23.0,,,,,
Chordicoccus_furentiruminis,3.0,1.0,1.0,5.0,,1.0,4.0,4.0,,,6.0,3.0,5.0,3.0,,2.0,2.0,4.0,4.0,1.0,,2.0,3.0,2.0,4.0,,,6.0,,1.0,,1.0,2.0,,,5.0,
Christensenella_massiliensis,18.0,15.0,,11.0,8.0,1.0,4.0,4.0,16.0,8.0,5.0,8.0,13.0,14.0,6.0,19.0,14.0,15.0,15.0,8.0,6.0,14.0,13.0,4.0,24.0,,,24.0,,,2.0,,1.0,,,8.0,11.0
Christensenella_minuta,2.0,1.0,,9.0,,,,4.0,2.0,1.0,3.0,,3.0,1.0,1.0,,1.0,5.0,8.0,,,1.0,9.0,1.0,5.0,,,1.0,,,3.0,,,,1.0,7.0,7.0
Citrobacter_amalonaticus,,,275.0,,,,46.0,,,,,,,,,,,,,,,,,,,,,,89.0,222.0,,234.0,,,,,
Citrobacter_arsenatis,,,2.0,,,,,,,,,,,,,,,,,,,,,,,,,,,,,6.0,,,,,
Citrobacter_braakii,,,25.0,,,,4.0,,,,,,,,,,,183.0,,,,,,,,,,,10.0,18.0,,21.0,,,1.0,,
Citrobacter_cronae,,,59.0,,,,,,,,,,,,,,,,,,,,,,,,,,,33.0,,64.0,,,,,
Citrobacter_europaeus,,,,,,,,,,,,,,,,,,,,,,,,,,,,,,,,3.0,,,,,
Citrobacter_farmeri,,,3291.0,,153.0,,4102.0,,,,,,,,,,,,,,,,,,,,,,375.0,4446.0,,3707.0,,,,,
Citrobacter_freundii,,,406.0,,,,18.0,,,,,,6.0,,,,,121.0,,6.0,19.0,,,,,,,,,322.0,,488.0,,,,,
Citrobacter_freundii_complex_sp._CFNIH2,,,2.0,,,,1.0,,,,,,,,,,,,,,,,,,,,,,,5.0,,4.0,,,,,
Citrobacter_koseri,,,2.0,,,,,,,,,,,,,,,,,,,,,,,,,,,2.0,,4.0,,,,,
Citrobacter_meridianamericanus,,4.0,9.0,,,,2.0,,,,,,131.0,,,,,28.0,7.0,88.0,,,,5.0,,,,,,1.0,,7.0,,,,,
Citrobacter_pasteurii,,,,,,,,,,,,,,,,,,,,,52.0,,,,,,,,,,,,,,,,
Citrobacter_portucalensis,,,240.0,,,,39.0,,,,,,,,,,,,,3.0,,,,,,,,,,91.0,,204.0,,,,,
Citrobacter_rodentium,,,,,,,9.0,,,,,,,,,,,,,,,,,,,,,,,,,,,,,,
Citrobacter_sp._CFNIH10,,,13.0,,,,,,,,,,,,,,,,,,,,,,,,,,,9.0,,23.0,,,,,
Citrobacter_sp._CRE-46,,,85.0,,,,,,,,,,,,,,,,,,,,,,,,,,,61.0,,92.0,,,,,
Citrobacter_sp._FDAARGOS_156,,,,,,,,,,,,,,,,,,,,,,,,,,,,,,,,9.0,,,,,
Citrobacter_sp._On28M,,,,,,,1.0,,,,,,,,,,,,,,,,,,,,,,,,,,,,,,
Citrobacter_sp._RHB25-C09,,,1.0,,,,2.0,,,,,,,,,,,,,,,,,,,,,,,,,,,,,,
Citrobacter_sp._RHB35-C17,,,11.0,,,,,,,,,,,,,,,,,,,,,,,,,,,17.0,,,,,,,
Citrobacter_sp._RHBSTW-01044,,,,,,,77.0,,,,,,,,,,,,,,,,,,,,,,,,,,,,,,
Citrobacter_sp._Y3,,,168.0,,,,,,,,,,,,,,,,,,,,,,,,,,,89.0,,138.0,,,,,
Citrobacter_tructae,,,,,,,,,,,,,,,,,,51.0,,,,,,,,,,,,,,,,,,,
Citrobacter_werkmanii,,,3463.0,,,,14.0,,,,,,,,,,,,,,,,,,,,,,26.0,1411.0,,3268.0,,,,,
Citrobacter_youngae,,,30.0,,,,,,,,,,,,,,,,,,10.0,,,,,,,,,29.0,,39.0,,,,,
Claveliimonas_bilis,2183.0,3058.0,9.0,12.0,1.0,14.0,13.0,13.0,12.0,12.0,20.0,6.0,2825.0,3.0,39.0,29.0,3079.0,749.0,2006.0,133.0,748.0,23.0,3.0,1251.0,32.0,7.0,2.0,85.0,3.0,16.0,,13.0,1474.0,,10.0,14.0,5.0
Cloacibacillus_porcorum,1.0,,,1.0,,,,,,1.0,1.0,1.0,3.0,,1.0,1.0,4.0,4.0,3.0,2.0,,,,4.0,2.0,,,,,,,,3.0,,,115.0,
Clostridioides_difficile,60.0,61.0,53.0,40.0,45.0,48.0,36.0,48.0,82.0,143.0,37.0,20.0,57.0,20.0,55.0,36.0,78.0,136.0,64.0,23.0,27.0,2944.0,82.0,29.0,179.0,146.0,299.0,78.0,25.0,72.0,17.0,129.0,31.0,7.0,38.0,166.0,112.0
Clostridioides_sp._ES-S-0107-01,,,,,,,,,,,,,,,,,,,,,,1.0,,,,,,,,,,,,,,,
Clostridium_argentinense,,,2.0,,,,,,,,,,,,,,,,,,,,,,,,,,,,,,,,,,
Clostridium_baratii,,,4.0,,3.0,,4.0,,,,,,,,,,,,,,15.0,,,,,,,,,1.0,,,,,,,
Clostridium_beijerinckii,,,,,,,,,,,,,,,,,,,,,,10.0,,,,,,,,,,28.0,,,,,
Clostridium_bornimense,,,,,,1.0,1.0,,,,,,,,,1.0,,,,,1.0,,,,,,,,,,,,,,,,
Clostridium_botulinum,,,1.0,,6.0,,,,,,,,,,,,,,,,,,,,,,,,,,,,,,,,
Clostridium_butyricum,,,7.0,,,,2426.0,,,,,,,,,,,,,,,,,,12.0,,,,,,,,,,,,
Clostridium_cadaveris,7.0,6.0,,2.0,,,4.0,7.0,3.0,5.0,4.0,4.0,5.0,1.0,9.0,10.0,3.0,4.0,6.0,1.0,2.0,6.0,20.0,1.0,13.0,3.0,,6.0,,,,,5.0,,,6.0,1.0
Clostridium_cellulovorans,,,,2.0,,,,,,,,,,,,,,,,,,,,,,,,2.0,,,3.0,,,,,,
Clostridium_chauvoei,,,,,,,,,,,,,,,,,,,,,5.0,,,,,,,,,,,,,,,,
Clostridium_cochlearium,,,,,,,4.0,,,,,,,,,,,,,,,,,,,,,,,1.0,,,,,,,
Clostridium_fermenticellae,,,,,,,1.0,,,,,,,,,,,,,,,,,,,,,,,,,,,,,,
Clostridium_gasigenes,,,1.0,,1.0,,,,,,,,,,,,,,,,,2.0,,,,,,,,,,,,,,,
Clostridium_gelidum,,,,,,,,,,,,,,,,,,,,,4.0,,,,,,,,,,,1.0,,,,,
Clostridium_isatidis,,,2.0,,10.0,,2.0,,,,,,,,,,,,,,3.0,,,,,,,,,,,,,,,,
Clostridium_kluyveri,,1.0,,,,,,,,,,,,,,,,,,,,1.0,,,,,,1.0,,,,,,,,,
Clostridium_perfringens,13.0,6.0,2472.0,6.0,132.0,4.0,1.0,5.0,8.0,16.0,12.0,6.0,3.0,5.0,7.0,31.0,7.0,7.0,4.0,1.0,249.0,95.0,25.0,6.0,168.0,34.0,,6.0,,139.0,4.0,6.0,5.0,1.0,3.0,11.0,19.0
Clostridium_saccharobutylicum,,,,,,,1.0,,,,,,,,1.0,,,,,,,,,,,,,,,,,,,,,,
Clostridium_saccharoperbutylacetonicum,,,3.0,,,,,,,,,,,,,,,,,,,,,,,,,,,,,1.0,,,,,
Clostridium_septicum,,1.0,5.0,,12.0,1.0,5.0,,,,,1.0,,,1.0,3.0,,,,,47.0,4.0,1.0,,15.0,,,,,,,,,,,,
Clostridium_sp._16K-1-R1,,,23.0,,,,,,,,,,,,,,,,,,,,,,,,,,,,,,,,,,
Clostridium_sp._BJN0001,,,,,,,1.0,,,,,,,,,,,,,,,,,,,,,,,,,,,,,,
Clostridium_sp._C1,22.0,5.0,,1.0,228.0,75.0,600.0,,1.0,2.0,4.0,1.0,14.0,1.0,3.0,62.0,7.0,2084.0,30.0,32.0,3.0,509.0,,14.0,97.0,1.0,18.0,532.0,,,,1.0,13.0,,,,2.0
Clostridium_sp._LQ25,,,,,,,71.0,,,,,,,,,,,,,,,,,,,,,,,,,,,,,,
Clostridium_sp._M62/1,54.0,57.0,5.0,52.0,,8.0,23.0,1031.0,48.0,145.0,69.0,55.0,80.0,36.0,86.0,48.0,58.0,118.0,56.0,48.0,51.0,90.0,89.0,55.0,157.0,5.0,5.0,90.0,,7.0,14.0,6.0,26.0,,12.0,87.0,65.0
Clostridium_sp._MD294,,,,,,,,,,,,,,,,,,1.0,,1.0,1.0,,1.0,,1.0,,,,,,,,,,1.0,,6.0
Clostridium_sp._SY8519,,,,3.0,,,1.0,1.0,,3.0,,,,,1.0,,,,3.0,,,3.0,8.0,,5.0,10.0,,,,7.0,,16.0,,,19.0,11.0,4.0
Clostridium_sporogenes,,,,,222.0,,,,,,,,,,,,,,,,,,,,,,,,,,,,,,,,
Clostridium_taeniosporum,,,1.0,,,,,,,,,,,,,,,,,,,,,,,,,,,,,,,,,,
Clostridium_tetani,,,1.0,,,,1.0,,,,,,,,,,,,,,,,,,,,,,,,,,,,,,
Clostridium_thermarum,,,,,,,,,,1.0,,,,,,,,,,,,,,,,,,,,,,,,,,,
Clostridium_tyrobutyricum,,,,,,,1.0,,,,,,,,,,,,,,,,,,,,,,,,,,,,,,
Cohcovirus_hiberniae,,,,,,,,2.0,,,,,,,,,,,,,5.0,,,,,,,,,,,,,,,2.0,
Cohcovirus_splanchnicus,,,,,,,,7.0,,,,,,,,,,,,,2.0,,,,,,,,,,,,,,,42.0,
Collinsella_aerofaciens,,,,115.0,,,3.0,37.0,99.0,74.0,1.0,1.0,,,1.0,,1.0,,,,,170.0,1085.0,,2087.0,,,,,,299.0,,,23.0,2152.0,2168.0,1245.0
Collinsella_stercoris,4.0,2.0,,,,,,1409.0,,,,1.0,2.0,1.0,1.0,1.0,3.0,,,,,,,2.0,4.0,5.0,,,,,,,2.0,,,,1.0
Companilactobacillus_futsaii,,,,,,,,,,,,,,,,1.0,,,,,,,,,,,,,,,,,,,,,
Coprobacter_fastidiosus,,,,,,,,1.0,,,,,,,,,,,,,2912.0,,29.0,,684.0,,,,,,,,,,,13.0,1.0
Coprobacter_secundus,,,,1.0,,,,1.0,,5.0,,,,,,,,,,,18.0,,1.0,,1.0,,,,,,,,1.0,4.0,1.0,2.0,1.0
Coprococcus_catus,625.0,710.0,2256.0,2303.0,2.0,18.0,2.0,28.0,3.0,305.0,219.0,108.0,404.0,83.0,2627.0,524.0,1063.0,39.0,1076.0,101.0,10.0,36.0,1574.0,205.0,759.0,13.0,2.0,13.0,13.0,433.0,3.0,262.0,60.0,,705.0,269.0,59.0
Coprococcus_comes,48.0,33.0,10.0,2343.0,9.0,905.0,2.0,56.0,11.0,3224.0,59.0,59.0,45.0,42.0,72.0,81.0,41.0,36.0,25.0,24.0,45.0,27.0,124.0,37.0,3169.0,13.0,3.0,246.0,11.0,6.0,7.0,16.0,26.0,,24.0,2167.0,2344.0
Coprococcus_eutactus,10.0,8.0,5.0,9.0,,,,1.0,1.0,12.0,12.0,2.0,1.0,6.0,13.0,16.0,10.0,26.0,11.0,4.0,9.0,6.0,19.0,1.0,171.0,,,8.0,1.0,6.0,2.0,8.0,5.0,,3.0,16.0,10.0
Coprococcus_sp._ART55/1,14.0,5.0,5.0,32.0,,2.0,5.0,7.0,5.0,26.0,26.0,20.0,5.0,11.0,13.0,5.0,8.0,26.0,11.0,16.0,12.0,9.0,35.0,12.0,738.0,12.0,,14.0,,,,3.0,13.0,,3.0,29.0,22.0
Corynebacterium_durum,,,,,1.0,,,,,,,,,,,,,,,,,,,,,,,,,,,,,,,,
Corynebacterium_pyruviciproducens,,,,,,,,,,,,,,,,,,,,,,,1.0,,,,,,,,,,,,,,
Corynebacterium_striatum,,,,,,,,1.0,,,,,,,,,,,,,,,,,,,,,,,,,,,,,
Cruoricaptor_ignavus,,,,,,,,,,,5.0,1.0,4.0,,2.0,,,,,,4.0,,,,,,,,,,1.0,,,,,,
Culoivirus_americanus,,,,,,,,,,,,,,,,,,,,,,,,,2.0,,,,,,,,,,,,
Culoivirus_intestinalis,,,,2.0,,,,,,,,,,,,,,,,,,,,,,,,,,,,,,,,,3.0
Dabirmavirus_hominis,,,,,,,,81.0,,,,,,,,,,,,,,,,,,,,,,,,,,,,,
Defluviitalea_saccharophila,,,,,,,2.0,,,,,,,,,,,,,,,,,,,,,,,,,,1.0,,,,
Dehalobacter_sp._DCM,,,,,,,,,,,,,,,,,,1.0,1.0,,,,1.0,,,,,,,,,,,,,,
Dehalobacterium_formicoaceticum,,,,,,,19.0,,,,,,,,,,,,,,,1.0,,,,,,,,,,,,,,,
Dehalococcoides_mccartyi,1.0,1.0,,,,,,,,,,,,,2.0,2.0,,,,,,,1.0,,,1.0,,,,,,,,,,1.0,
Delmidovirus_splanchnicus,,,,,,,,,,,,,,,,,,,,,,,1.0,,,,,,,,,,,,,,
Denitrobacterium_detoxificans,,,,,,,,,,,,,,,1.0,,,,,,,,,,,,,,,,,,,,,,
Desulfobulbus_oralis,,,,3.0,,,,,,,,,,,,,,,,,,,,,,,,,,,,,,,,,
Desulfococcus_multivorans,,,,,,,,,,,1.0,1.0,,,1.0,,,,,,,,,,,,,,,,,,,,,,
Desulfomicrobium_orale,,,,2.0,,,,,,,,,,,,,,,,,,,,,,,,,,,,,,,,,
Desulfovibrio_desulfuricans,,,,,,,,,,,340.0,217.0,2498.0,45.0,738.0,135.0,,,,,,1.0,12.0,,,,,,,,,,,,1.0,,1.0
Desulfovibrio_fairfieldensis,17.0,7.0,,596.0,,,,,,,1.0,,1.0,,,,,,,,,,,,,,,,,,37.0,,,,1.0,,1.0
Desulfovibrio_piger,,32.0,,20.0,,1.0,,,,25.0,1.0,1.0,2.0,,,,37.0,,1.0,5.0,,,8.0,20.0,21.0,,,68.0,,,,,,,44.0,2346.0,2021.0
Desulfovibrio_sp._G11,,,,,,,,35.0,,,1.0,4.0,5.0,1.0,3.0,3.0,,,,,,951.0,,,,,,,,,,,,,3.0,,1.0
Dialister_pneumosintes,,,,,,,,,,,,,,,,,,,,,,,,,,,,,,,,,,,100.0,,
Dialister_succinatiphilus,,,,,,,9.0,,,,,,,10.0,,,,,,3.0,,,,7.0,,,,,,8.0,2.0,12.0,,,,,
Dickeya_dianthicola,,1.0,,,,,,,,,,,,,,,,,,,,,,,,,,,,,,,,,,,
Dorea_formicigenerans,22.0,32.0,3.0,1527.0,9.0,13.0,2678.0,14.0,10.0,2614.0,38.0,19.0,31.0,27.0,48.0,35.0,14.0,23.0,27.0,15.0,1244.0,6.0,2947.0,20.0,652.0,8.0,7.0,18.0,2.0,3.0,7.0,21.0,29.0,,1.0,3228.0,913.0
Dorea_longicatena,115.0,81.0,27.0,3108.0,8.0,38.0,30.0,432.0,39.0,2893.0,708.0,2591.0,471.0,2955.0,317.0,421.0,94.0,86.0,71.0,52.0,214.0,61.0,666.0,77.0,4926.0,46.0,777.0,38.0,8.0,33.0,6.0,32.0,50.0,,54.0,4457.0,2746.0
Drivevirus_gastrointestinalis,,,,,,,,,,,,,,,,,,,,,,,1.0,,,,,,,,,,,,,,
Duncaniella_dubosii,,,,1.0,,,,2.0,,1.0,,,,,,,,,,,,,3.0,,,1.0,,,,,,,3.0,,,1.0,2.0
Duodenibacillus_massiliensis,,,,,,,,,,,,,,,,,,,,,,,,,,,,,,,,,,,,,8.0
Dysgonomonas_capnocytophagoides,,,,,,,,,,,,,,,,,,,,,,89.0,,,,,,,,,,,,,,,
Dysgonomonas_sp._HDW5A,,,,,,,,,,,,,,,,,,,,,,1.0,,,,,,,,,,,,,,,
Dysosmobacter_welbionis,608.0,245.0,6.0,437.0,,15.0,,165.0,832.0,715.0,355.0,401.0,417.0,592.0,214.0,180.0,484.0,293.0,240.0,219.0,95.0,454.0,1237.0,113.0,1215.0,35.0,47.0,333.0,,32.0,164.0,39.0,181.0,13.0,33.0,739.0,554.0
Eggerthella_guodeyinii,10.0,21.0,,1.0,,,4.0,4.0,,1.0,7.0,1.0,8.0,1.0,14.0,17.0,11.0,2.0,2.0,,8.0,,1.0,9.0,1.0,1.0,,,,,,,5.0,,,1.0,
Eggerthella_lenta,2777.0,3156.0,,211.0,80.0,210.0,1345.0,113.0,3.0,59.0,2309.0,843.0,3571.0,240.0,3541.0,3554.0,3009.0,1242.0,3352.0,231.0,3126.0,39.0,58.0,1753.0,159.0,2670.0,1.0,83.0,,,2.0,1.0,1661.0,1.0,141.0,126.0,247.0
Eggerthella_sp._YY7918,,,11.0,4.0,6.0,22.0,16.0,,,11.0,1.0,1.0,,,3.0,1.0,,,,,3.0,,16.0,,,,,2.0,,9.0,,3.0,,,17.0,58.0,1.0
Emergencia_sp._JLR.KK010,,,6.0,9.0,,,3.0,1.0,,,,,1.0,1.0,3.0,,,2.0,1.0,,,4.0,5.0,,5.0,,4.0,2.0,1.0,5.0,,7.0,,,1.0,,1.0
Emergencia_timonensis,11.0,5.0,,2.0,,1.0,,15.0,3885.0,11.0,4.0,1.0,175.0,,7.0,7.0,313.0,12.0,2650.0,40.0,,220.0,11.0,4.0,31.0,3.0,,2.0,,1.0,,,23.0,,,173.0,11.0
Enorma_phocaeensis,,,,1.0,,,,12.0,,,,,,,,,,,,,,,,,39.0,,,,,,,,,,,1.0,
Enterobacter_asburiae,,,,,,,,,,,,,,,,,,,,7.0,4313.0,,,,,,6.0,,,,,2.0,,,,,
Enterobacter_cancerogenus,,,,,,,,,,,,,,,,,,,,,,,,,1.0,,6.0,,,,,,,,,,
Enterobacter_chuandaensis,,,,,,,,,,,,,,,,,,,,,,,,,,,,,,,,1.0,,,,,
Enterobacter_cloacae,,,,,1.0,,2.0,,,,,,,,,,,,,,2.0,,,,,3.0,6.0,,,,,,,,,,
Enterobacter_cloacae_complex_sp._ECL414,,,,,,,,,,,,,,,,,,,,,45.0,,,,,,,,,,,,,,,,
Enterobacter_cloacae_complex_sp._FDA-CDC-AR_0132,,,,,,,,,,,,,,,,,,,,,,,,,,,30.0,,,,,,,,,,
Enterobacter_cloacae_complex_sp._FDA-CDC-AR_0164,,,,,,,,,,,,,,,,,,,,,,,,,,,698.0,,,,,,,,,,
Enterobacter_hormaechei,,,11.0,,,,15.0,,,,,,,,,,,,,321.0,59.0,,,,,,303.0,,,18.0,,14.0,,,,,
Enterobacter_huaxiensis,,,,,,,,,,,,,,,,,,,,,1.0,,,,,,,,,,,,,,,,
Enterobacter_kobei,,,,,,,,,,,,,,,,,,,,,946.0,,,,,,11.0,,,,,,,,,,
Enterobacter_ludwigii,,,,,,,2.0,,,,,,,,,,,,,,,,,,156.0,,937.0,,,,,,,,,,
Enterobacter_mori,,,,,,,,,,,,,,,,,,,,,,,,,,,26.0,,,,,,,,,,
Enterobacter_roggenkampii,,,5.0,,,,,,,,,,,,,,,,,,14.0,,,,,,338.0,,,2.0,,4.0,,,,,
Enterobacter_sp._DTU_2021_1002640_1_SI_PRY_ASU_LCPMC_013,,,,,,,1.0,,,,,,,,,,,,,,,,,,,,,,,,,,,,,,
Enterobacter_sp._ODB01,,,,,,,,,,,,,,,,,,,,,29.0,,,,,,,,,,,,,,,,
Enterobacter_sp._RHBSTW-00593,,,,,,,,,,,,,,,,,,,,,,,,,,,49.0,,,,,,,,,,
Enterobacter_sp._T2,,,,,,,,,,,,,,,,,,,,,125.0,,,,,,,,,,,,,,,,
Enterocloster_asparagiformis,188.0,585.0,5.0,23.0,,36.0,221.0,93.0,617.0,36.0,103.0,56.0,579.0,16.0,85.0,153.0,198.0,1573.0,1266.0,162.0,11.0,13.0,142.0,292.0,48.0,4.0,89.0,580.0,4.0,,56.0,18.0,66.0,17.0,4.0,43.0,207.0
Enterocloster_bolteae,1228.0,1388.0,423.0,116.0,7.0,4632.0,159.0,5922.0,4477.0,142.0,1124.0,477.0,2654.0,248.0,4121.0,948.0,3472.0,4518.0,1413.0,5255.0,56.0,199.0,102.0,628.0,58.0,422.0,216.0,5457.0,1.0,40.0,2.0,81.0,246.0,,274.0,67.0,186.0
Enterocloster_clostridioformis,2146.0,2920.0,1172.0,12.0,3.0,43.0,25.0,572.0,2794.0,27.0,590.0,263.0,5134.0,102.0,1970.0,1677.0,4360.0,1557.0,1757.0,3246.0,40.0,2380.0,12.0,3789.0,8.0,5.0,679.0,115.0,2.0,474.0,,561.0,1174.0,2.0,449.0,9.0,17.0
Enterococcus_avium,,,3.0,,4507.0,5090.0,,,,,,,,,,,,,,,,,,,,,,,,3.0,,2.0,,,,,
Enterococcus_casseliflavus,,,8.0,,35.0,19.0,41.0,,,,,,,,,,,,,,,,,,,,,,14.0,66.0,,5.0,,,,3.0,
Enterococcus_cecorum,,1.0,1.0,1.0,,,3.0,1.0,,,,,2.0,,1.0,,2.0,6.0,4.0,2.0,2.0,1.0,3.0,1.0,1.0,1.0,,,,,,,,,,1.0,
Enterococcus_durans,,,,,1.0,2.0,57.0,,,,,,,,,,,,,,,,,,,,,,,,,,,,,,
Enterococcus_faecalis,1.0,1.0,10.0,,755.0,1127.0,1788.0,,1.0,1.0,1.0,,6.0,,,1.0,3.0,,,3.0,,2.0,,5.0,1.0,337.0,1353.0,2.0,,1.0,,1.0,3.0,,1.0,284.0,
Enterococcus_faecium,23.0,21.0,1368.0,27.0,287.0,235.0,18.0,25.0,9.0,14.0,17.0,24.0,21.0,7.0,24.0,24.0,21.0,19.0,14.0,7.0,12.0,23.0,28.0,11.0,11.0,576.0,27.0,26.0,14.0,2316.0,13.0,1436.0,32.0,11.0,39.0,11.0,38.0
Enterococcus_gallinarum,,,71.0,,64.0,11.0,370.0,,,,,,,,,,,,,,,,,,,,,,148.0,1172.0,,27.0,,,3.0,,
Enterococcus_gilvus,,,,,5.0,14.0,,,,,,,,,,,,,,,,,,,,,,,,,,,,,,,
Enterococcus_hirae,,,,,,,,,,,,,,,,,,,,,,,,,,,,,,6.0,,292.0,,,,,
Enterococcus_lactis,,,,,359.0,171.0,59.0,,,,,,,,,,,,,,,,,,,164.0,,,,,,,,,,,
Enterococcus_mundtii,,,,,,,,,,,,,,,,,,,,,,,,,,,1.0,,,,,1.0,,,,,
Enterococcus_phage_phiFL4A,,,,,,,16.0,,,,,,,,,,,,,,,,,,,,,,,,,,,,,,
Enterococcus_raffinosus,,,,,16.0,14.0,,,,,,,,,,,,,,,,,,,,,,,,,,,,,,,
Enterococcus_saigonensis,,,,,20.0,19.0,,,,1.0,,,,,,,,1.0,,,,,1.0,,1.0,,,,,,,,,,,4.0,
Enterococcus_sp._CR-Ec1,,,,,,,,,,,,,,,,,,,,,,,,,,,,,,3.0,,,,,,,
Enterococcus_sp._DA9,,,,,,118.0,,,,,,,,,,,,,,,,,,,,,,,,,,,,,,,
Enterococcus_sp._FDAARGOS_375,,,,,58.0,7.0,,,,,,,,,,,,,,,,,,,,,,,,5.0,,,,,,,
Enterococcus_sp._FDAARGOS_553,,,37.0,,48.0,,,,,,,,,,,,,,,,,,,,,,,,66.0,292.0,,19.0,,,,,
Enterococcus_sp._M190262,,,,,,,,,,,,,,,,,,,,,,,,,,,,,7.0,7.0,,,,,,,
Enterococcus_sp._ZQ21,,,,,,,90.0,,,,,,,,,,,,,,,,,,,,40.0,,,,,,,,,,
Enterococcus_thailandicus,,,,,1.0,,,,,,,,,,,,,,,,,,,,,,,,,,,,,,,,
Eponavirus_epona,1.0,,,,,,,,,,16.0,12.0,15.0,13.0,16.0,,7.0,,,14.0,,,,5.0,,,,,,,,,1.0,,,,4.0
Erysipelatoclostridium_sp._An173,,,,3.0,3.0,,5.0,,1.0,,,1.0,,,1.0,,2.0,5.0,4.0,,1.0,18.0,3.0,1.0,,,13.0,10.0,,,,,,,,4.0,
Escherichia_albertii,,,,,,1.0,,,,,,,,,,,,,,,,1.0,,,,,,,,,,,,,,,
Escherichia_coli,,,1937.0,3049.0,5192.0,673.0,4693.0,301.0,2570.0,43.0,,,,,,,,208.0,9.0,,697.0,6027.0,,,364.0,2656.0,662.0,,1825.0,873.0,1333.0,352.0,,115.0,598.0,,
Escherichia_marmotae,,,13.0,,,,,,,,,,,,,,,,,,,,,,,,,,,11.0,,10.0,,,,,
Escherichia_sp._E4742,,,,,,,,,,,,,,,,,,,,,,1.0,,,,,,,,,,,,,,,
Eshraghiella_crossota,20.0,38.0,2.0,30.0,1.0,,1.0,16.0,2.0,22.0,15.0,12.0,24.0,10.0,28.0,19.0,37.0,33.0,40.0,20.0,5.0,8.0,32.0,15.0,79.0,,,14.0,1.0,1.0,2.0,6.0,7.0,,8.0,21.0,14.0
Eubacterium_callanderi,54.0,17.0,6.0,37.0,19.0,12.0,26.0,53.0,31.0,20.0,42.0,15.0,12.0,23.0,46.0,52.0,14.0,48.0,46.0,2.0,22.0,67.0,43.0,4.0,50.0,55.0,1.0,40.0,,4.0,,2.0,5.0,,1.0,64.0,35.0
Eubacterium_limosum,,1.0,,1.0,,,44.0,3.0,2.0,2.0,1.0,,1.0,,1.0,,1.0,8.0,,1.0,2.0,50.0,,,,,,44.0,,,,,,,,,3.0
Eubacterium_maltosivorans,5.0,4.0,7.0,3.0,1.0,1.0,2.0,2.0,15.0,,1.0,2.0,15.0,,5.0,3.0,10.0,24.0,16.0,7.0,8.0,18.0,1.0,2.0,22.0,11.0,,7.0,,,,7.0,3.0,,,,3.0
Eubacterium_sp._MSJ-33,2.0,2.0,11.0,2.0,1.0,,,1.0,2.0,,1.0,1.0,1.0,2.0,6.0,2.0,3.0,2.0,2.0,4.0,1.0,2.0,5.0,3.0,30.0,1.0,,,,4.0,,5.0,,,,6.0,2.0
Eubacterium_ventriosum,21.0,7.0,,68.0,1.0,6.0,1.0,5.0,,57.0,41.0,24.0,47.0,12.0,33.0,29.0,67.0,169.0,15.0,12.0,5.0,11.0,141.0,22.0,2745.0,8.0,,2.0,2.0,2.0,4.0,4.0,16.0,,15.0,88.0,13.0
Ezakiella_coagulans,,,,,,,,,,,,,,,,,,,,,,,,,,2.0,,,,,,,,,,1.0,
Ezakiella_massiliensis,,,,,,,,,,,,,,,,,,,,,,,,,,2.0,,,,,,,,,,,
Facklamia_hominis,,,,,,,,,,,,,,,,,,,,,,,,,,2.0,,,,,,,,,,,
Faecalibacillus_intestinalis,,,650.0,1218.0,,,1.0,1.0,,967.0,,,2.0,1.0,,,2.0,5.0,1.0,,6.0,3.0,2547.0,1.0,1039.0,1.0,2.0,,,492.0,,774.0,,,,2232.0,1.0
Faecalibacterium_duncaniae,571.0,503.0,7.0,614.0,,,1.0,11.0,,361.0,763.0,754.0,282.0,210.0,227.0,96.0,261.0,177.0,105.0,129.0,72.0,32.0,402.0,111.0,931.0,5.0,6.0,3.0,,1.0,17.0,18.0,41.0,7.0,44.0,331.0,438.0
Faecalibacterium_prausnitzii,2160.0,3081.0,9.0,1580.0,2.0,12.0,24.0,337.0,79.0,3599.0,2319.0,2203.0,1450.0,1488.0,1849.0,450.0,1516.0,844.0,698.0,1637.0,91.0,120.0,5317.0,1101.0,8685.0,20.0,5.0,124.0,12.0,7.0,485.0,45.0,615.0,24.0,19.0,7491.0,3703.0
Faecalibacterium_sp._I2-3-92,142.0,109.0,,153.0,,3.0,,3.0,12.0,270.0,189.0,218.0,102.0,56.0,116.0,30.0,126.0,73.0,96.0,33.0,9.0,12.0,212.0,108.0,479.0,,2.0,26.0,,,14.0,,31.0,,9.0,230.0,130.0
Faecalibacterium_sp._I3-3-33,117.0,32.0,,29.0,,1.0,1.0,2.0,2.0,34.0,87.0,72.0,37.0,56.0,43.0,7.0,25.0,20.0,55.0,32.0,8.0,,66.0,18.0,82.0,1.0,,6.0,,,1.0,,12.0,,,69.0,32.0
Faecalibacterium_sp._I3-3-89,62.0,54.0,2.0,33.0,,2.0,1.0,17.0,2.0,96.0,78.0,73.0,64.0,60.0,69.0,24.0,60.0,33.0,25.0,41.0,,11.0,122.0,54.0,140.0,,,10.0,,1.0,6.0,1.0,17.0,,,136.0,17.0
Faecalibacterium_sp._I4-1-79,1207.0,389.0,,43.0,1.0,1.0,1.0,11.0,10.0,77.0,583.0,499.0,85.0,432.0,168.0,24.0,108.0,34.0,565.0,68.0,10.0,4.0,103.0,240.0,186.0,20.0,,,,,8.0,,28.0,,,176.0,43.0
Faecalibacterium_sp._I4-3-84,296.0,141.0,,47.0,,,2.0,57.0,26.0,286.0,263.0,250.0,251.0,189.0,301.0,103.0,235.0,93.0,116.0,185.0,28.0,57.0,172.0,197.0,431.0,2.0,4.0,2.0,,,21.0,,153.0,7.0,3.0,321.0,131.0
Faecalibacterium_sp._IP-1-18,264.0,134.0,9.0,372.0,8.0,,27.0,271.0,41.0,339.0,242.0,283.0,204.0,208.0,126.0,26.0,143.0,121.0,71.0,117.0,,,1300.0,189.0,282.0,25.0,,16.0,,9.0,183.0,,35.0,20.0,20.0,488.0,149.0
Faecalibacterium_sp._IP-3-29,350.0,201.0,3.0,133.0,,3.0,1.0,44.0,18.0,221.0,369.0,448.0,201.0,131.0,214.0,45.0,131.0,54.0,125.0,145.0,11.0,2.0,199.0,69.0,390.0,16.0,10.0,24.0,,,3.0,4.0,86.0,,21.0,240.0,1280.0
Faecalibacterium_taiwanense,1803.0,813.0,1.0,105.0,,9.0,5.0,55.0,8.0,733.0,1599.0,1500.0,1307.0,1443.0,1832.0,294.0,1632.0,252.0,217.0,995.0,12.0,67.0,718.0,1335.0,949.0,,2.0,10.0,,,64.0,2.0,578.0,,,683.0,111.0
Faecalibacterium_wellingii,62.0,39.0,,46.0,,,,25.0,7.0,110.0,89.0,88.0,59.0,56.0,67.0,2.0,43.0,14.0,16.0,65.0,1.0,,47.0,18.0,451.0,,,,,,,2.0,13.0,,3.0,100.0,54.0
Faecalibaculum_rodentium,,,,,,,,,2.0,1.0,,,,,,,,,,2.0,,,1.0,,3.0,,,,,,,,,,,,
Fannyhessea_vaginae,,1.0,,1.0,,4.0,,,,3.0,1.0,,1.0,,4.0,,,,,1.0,,,3.0,,1.0,1.0,,,,,,1.0,,,,1.0,
Fastidiosipila_sanguinis,1.0,,,2.0,,,,,,1.0,1.0,,,,,,1.0,,1.0,,,,,1.0,,,,,,,,1.0,,,,,
Fenollaria_sporofastidiosus,,,,,,,,,,,,,,,,,,,,,,,,,,,,,,,,,,,,,1.0
Filifactor_alocis,,1.0,,,,,,,,,,,,,,,,,2.0,,,,,,,1.0,,,,,,,,,,,
Finegoldia_magna,,,,,,,24.0,,,1.0,,,,,,,,,,,,,,,,961.0,,,,,,5.0,,,,,
Flavonifractor_plautii,645.0,359.0,2764.0,461.0,155.0,1926.0,945.0,2342.0,3250.0,1851.0,159.0,101.0,674.0,73.0,65.0,42.0,629.0,3034.0,334.0,427.0,193.0,1386.0,775.0,108.0,343.0,82.0,2.0,1740.0,666.0,3293.0,15.0,666.0,108.0,1.0,46.0,113.0,309.0
Flintibacter_sp._KGMB00164,5.0,1.0,1.0,17.0,2.0,1.0,8.0,1546.0,2.0,6.0,6.0,9.0,10.0,6.0,8.0,3.0,5.0,5.0,1.0,4.0,4.0,1.0,213.0,3.0,17.0,3.0,,22.0,1.0,3.0,1.0,3.0,1.0,,2.0,1.0,9.0
Fretibacterium_fastidiosum,,1.0,,,,,,,,,,,,,,,,,,,,,,,,,,,,,,,,,,,
Furfurilactobacillus_rossiae,,,,,,,,,,,,,,,,,,,,,,,1.0,,,,,,,,,,,,,,
Fusobacterium_animalis,,,854.0,,,,,,,1.0,,,,,,,,,,,,,,1.0,,,,,,1517.0,,1167.0,,,936.0,,
Fusobacterium_hominis,,,,,,,,,,,,,,,,,,,,,,,,,,,,,,,,,,,,,20.0
Fusobacterium_mortiferum,,,,,,,,,,,,,,,,,,,,,,,,,,,,,,,,,,,,,15.0
Fusobacterium_necrophorum,,,,,,,,,,,,,,,,,,,,,,,,,,,,,,,,2.0,,,,,
Fusobacterium_nucleatum,,,38.0,,,,,,,,,,,,,,,,,,,,,,,,,,,46.0,,50.0,,,37.0,,
Fusobacterium_polymorphum,,,,,,,,,,,,,,,,,,,,,,,,,,,,,,13.0,,2.0,,,4.0,,
Fusobacterium_vincentii,,,8.0,,,,,,1.0,,,,,,,,,,,,,,,,,,,,,,,,,,,,
Gallibacterium_salpingitidis,,,,3.0,1.0,1.0,3.0,,,,,,,,,,,,,1.0,1.0,,,,7.0,,,2.0,,,1.0,,,,,,
Gardnerella_swidsinskii,,,,,,,,,,,,,,,,,,,,,,1.0,,,,,,,,,,,,,,,
Gemella_haemolysans,,,,,,,,,,,,,,,,,,,,,1.0,,,,,1.0,,,,,,,,,,,
Gemella_morbillorum,,,,,,,,,,5.0,,,,,,,,,,,,,,,,,,,,,,,,,,,
Gemella_sanguinis,,,,,,,,1.0,4.0,3.0,,,,,,,,,1.0,,,,,,,3.0,,,,,,,,,,3.0,
Gordonibacter_pamelaeae,122.0,479.0,,60.0,7.0,24.0,78.0,1.0,,80.0,67.0,31.0,267.0,16.0,45.0,101.0,257.0,201.0,371.0,33.0,9.0,,56.0,138.0,358.0,29.0,,,,,,,179.0,,49.0,10.0,130.0
Gordonibacter_urolithinfaciens,29.0,150.0,,6.0,,7.0,2.0,,,30.0,2.0,,86.0,,6.0,25.0,75.0,57.0,121.0,5.0,42.0,4.0,9.0,29.0,52.0,263.0,,,,,,,54.0,,,4.0,53.0
Granulicatella_adiacens,,,2.0,,,,,1.0,,3.0,,,,,1.0,,,,,,1.0,,,,,10.0,,,1.0,1.0,,2.0,,,1.0,4.0,
Granulicatella_elegans,,,,,,,,,,,,,,,,,,,,,,,,,1.0,,,,,,,,,,,,
Haemophilus_parainfluenzae,,,,,,,,,,,,,,,,,,,,,,,6.0,,1.0,,,,,,,,,,,,
Helcococcus_kunzii,,,,,,,,,,,,,,,,,,,,,,,,,,3.0,,,,,,,,,,,
Herbinix_luporum,,,,,,1.0,1.0,,,,,,,,,,,,,,,,,,,,,,,,,,,,,,
Homo_sapiens,3.0,2.0,,6.0,,,,,1.0,,2.0,2.0,,,,,2.0,,,,,,,,1.0,1.0,,14.0,,,15.0,,,19.0,,1.0,
Hoylesella_buccalis,,,,,,,,,,,,,,,,,,,,,,,,,,,,,,,7.0,3.0,,,,,
Hungatella_hathewayi,13.0,50.0,6.0,156.0,16.0,17.0,4.0,46.0,415.0,62.0,12.0,11.0,325.0,6.0,34.0,18.0,40.0,339.0,89.0,447.0,40.0,350.0,40.0,17.0,66.0,25.0,1.0,686.0,,4.0,6.0,6.0,17.0,4.0,549.0,11.0,106.0
Intestinibacillus_sp._NTUH-41-i26,2.0,4.0,,13.0,,2.0,2.0,23.0,4.0,214.0,4.0,7.0,8.0,,14.0,2.0,5.0,6.0,1.0,,34.0,21.0,15.0,1.0,35.0,1.0,,27.0,,,1.0,,2.0,,19.0,22.0,36.0
Intestinibacter_bartlettii,89.0,1038.0,199.0,1.0,274.0,,1538.0,719.0,,3.0,170.0,62.0,125.0,19.0,113.0,231.0,168.0,2037.0,493.0,37.0,2961.0,2874.0,2.0,74.0,854.0,14.0,2055.0,1849.0,,100.0,,12.0,41.0,,2033.0,3.0,1.0
Intestinibaculum_porci,,1.0,,1.0,,,,1.0,,1.0,1.0,,,,1.0,,,1.0,,,,,2.0,,2.0,,,,,,,1.0,1.0,,,,
Intestinimonas_butyriciproducens,100.0,116.0,7.0,225.0,12.0,25.0,18.0,64.0,7.0,57.0,100.0,110.0,107.0,63.0,49.0,68.0,114.0,75.0,48.0,53.0,12.0,35.0,153.0,77.0,194.0,4.0,,437.0,1.0,14.0,50.0,6.0,55.0,16.0,,78.0,100.0
Jahgtovirus_gastrointestinalis,,,,37.0,,,,,,,,,,,,,,,,,,,,,,,,,,,1.0,,,,,,
Jahgtovirus_intestinalis,,,,1.0,,,,,,,,,,,,,,,,,,,,,,,,,,,,,,,,,
Jahgtovirus_intestinihominis,,,,20.0,,,,,,,,,,,,,,,,,,,,,,,,,,,1.0,,,,,,
Jahgtovirus_secundus,,,,6.0,,,,,,,,,,,,,,,,,,,,,,,,,,,2.0,,,,,,
Jeotgalibaca_arthritidis,,,,,2.0,,,,,,,,,,,,,,,,1.0,,,,2.0,,,,,,,,,,,,
Kahnovirus_copri,,,,,,,,,,20.0,,,,,,,,,,,,,3.0,,,,,,,,,,,,,16.0,
Kahnovirus_oralis,,,,,,,,,,,,,,,,,,,,,,,,,,,,,,,,,,,,3.0,
Kehishuvirus_primarius,,,,,,,,,,,,,,,,,,,,,,,,,,33.0,,,,,,,,,,,
Kehishuvirus_splanchnicus,,,,,,,,,,,,,,,,,,,,,,,,,,25.0,,,,,,,,,,,
Kineothrix_sp._IPX-CK,,,3.0,,,,1.0,,,,,,,,,,,,,,,,,,,,,,,,,,,,,1.0,
Kineothrix_sp._MB12-C1,,,,,1.0,,1.0,,,,,,,,,,,,,,,,,,,1.0,,,,,,,,,,,
Kingevirus_communis,,,,2.0,,,,,,,,,,,,,,,,,,,,,,,,,,,29.0,,,,,,
Klebsiella_aerogenes,,,,,,,1.0,,,,,,,,,,,,,,,,,,,,,,,,,,,,,,
Klebsiella_electrica,,,1.0,,,,,,,,,,,,,,,,,,,,,,,,,,,,,3.0,,,,,
Klebsiella_grimontii,,,,,,,,,,,,,,,,,,,,,5.0,,,,,,,,,,,,,,,,
Klebsiella_huaxiensis,,,3.0,,1.0,,4.0,,,,,,,,,,,,,,,,,,,,,,3.0,6.0,,5.0,,,,,
Klebsiella_michiganensis,,,,,,,,,,,,,,,,,,,,,,,,,,,,,,34.0,,7.0,,,,,
Klebsiella_oxytoca,,,122.0,5.0,1.0,,31.0,,,,,,,,,,,7.0,,,,,,,,,,,291.0,32.0,,37.0,,,3.0,,
Klebsiella_pasteurii,,,12.0,,,,,,,,,,,,,,,,,,,,,,,,,,,17.0,,20.0,,,,,
Klebsiella_pneumoniae,,,129.0,,4.0,,15.0,217.0,,,,,1499.0,,,,,,,,1616.0,,57.0,,,,191.0,,826.0,5504.0,,3717.0,,,,10.0,
Klebsiella_quasipneumoniae,,,10.0,,,,3.0,,,,,,,,,,,,,,2.0,,,,,,,,5.0,31.0,,22.0,,,,,
Klebsiella_sp._WP4-W18-ESBL-05,,,,,,,,,,,,,,,,,,,,,,,,,,,,,,6.0,,,,,,,
Klebsiella_variicola,,,,23.0,,,5.0,,,,,,11.0,,,,,,,,,,,,4.0,,,,12.0,50.0,,33.0,,,,,
Kluyvera_ascorbata,,,5.0,,,,,,,,,,,,,,,,,,,,57.0,,,,,,,2.0,,3.0,,,,,
Kluyvera_sichuanensis,,,,,,,,,,,,,,,,,,,,,,,6.0,,,,,,1.0,,,,,,,,
Kolpuevirus_coli,,,,46.0,,,,,,,,,,,,,,,,,,,,,,,,,,,10.0,,,,,,
Kolpuevirus_hominis,,,,35.0,,,,,,,,,,,,,,,,,,,,,,,,,,,2.0,,,,,,
Komagataeibacter_oboediens,43.0,10.0,,2.0,,8.0,1.0,14.0,,22.0,25.0,36.0,7.0,19.0,14.0,11.0,3.0,21.0,10.0,7.0,,,11.0,28.0,23.0,3.0,,,,,,,19.0,,11.0,20.0,76.0
Kosakonia_cowanii,,,1.0,,,,,,,,,,,,,,,,,,,,1.0,,,,,,,,,1.0,,,,,
Kurthia_sp._YJT4,,,,,,,,,,,,,,,,,,,,,,,,,,,,,2.0,,,,,,,,
Lachnoanaerobaculum_gingivalis,,,,2.0,,3.0,,2.0,1.0,2.0,2.0,,1.0,1.0,,1.0,1.0,9.0,,,2.0,2.0,3.0,2.0,3.0,,,,,1.0,,1.0,2.0,,1.0,2.0,4.0
Lachnoanaerobaculum_umeaense,,,,,,,,,,,,,1.0,1.0,1.0,,,,,,,,,,,,,,,,,,,,,,
Lachnoclostridium_phocaeense,81.0,149.0,,37.0,5.0,21.0,3.0,35.0,9.0,1.0,4.0,,100.0,,16.0,5.0,116.0,155.0,157.0,108.0,16.0,15.0,6.0,34.0,49.0,37.0,,49.0,4.0,1.0,1.0,3.0,54.0,,3.0,15.0,6.0
Lachnoclostridium_phytofermentans,,,,,,,,,,,,,,,,1.0,,,,,,,,,,,,,,,,,,,,,
Lachnospira_eligens,2005.0,2141.0,2.0,314.0,4.0,1.0,1.0,4.0,,42.0,2274.0,2208.0,1663.0,2170.0,2178.0,556.0,2153.0,2222.0,528.0,1031.0,10.0,15.0,1287.0,1738.0,350.0,3.0,,12.0,,3.0,,5.0,946.0,,3.0,819.0,15.0
Lacrimispora_saccharolytica,1.0,3.0,4.0,1.0,,,,,10.0,2.0,2.0,2.0,2.0,2.0,8.0,,2.0,1.0,1.0,5.0,,3.0,3.0,3.0,6.0,,,2.0,,,2.0,,,,,,1.0
Lacrimispora_sp._BS-2,,,6.0,,,,,,,,,,,,,,,,,,,,,,,,,,,,,,,,,,
Lacrimispora_sphenoides,,,,,,,,,,,,,,,,,,,,,,,,,,,,1.0,,,,,,,,,
Lacrimispora_xylanolytica,,,9.0,,,,,,,,,,,,,,,,,,,,,,,,,,,,,,,,,,
Lacticaseibacillus_paracasei,,6.0,6.0,,2957.0,1091.0,165.0,,,,,,,,,,19.0,,1363.0,,53.0,110.0,82.0,,3.0,323.0,,2.0,,19.0,,,,,,20.0,
Lacticaseibacillus_rhamnosus,,1.0,7.0,,1684.0,1174.0,1474.0,,,,,,,,,,2.0,,1724.0,,3059.0,13.0,,,,2970.0,,79.0,,5.0,,,,,,,
Lactiplantibacillus_argentoratensis,,,9.0,,,,,,,,,,,,,,,,,,,,,,,,,,,7.0,,5.0,,,,,
Lactiplantibacillus_pentosus,,,,,,,,,,,,,,,,,,,,1.0,,,1.0,,,,,,,,,,,,,,
Lactiplantibacillus_plantarum,,11.0,22.0,,1.0,2.0,,,,,1.0,,9.0,,8.0,27.0,10.0,,8.0,1.0,4.0,2.0,1.0,,,2.0,,,,23.0,,5.0,,,1.0,9.0,
Lactobacillus_amylovorus,,,,,,,,,,,,,,,,,,,,,1.0,,,,,,,,,,,,,,,,
Lactobacillus_crispatus,,,6.0,,,,,,,,,,,,,,,,,,,,,,3.0,68.0,,,,7.0,,1.0,,,1.0,,
Lactobacillus_delbrueckii,,,,,,,,,,,,,,,,,,,,,2244.0,,,,,,,,,1.0,,11.0,,,1.0,,
Lactobacillus_gasseri,,,204.0,,,,,,,,,,,,,,,,,,5.0,,,,11.0,1430.0,,,,2220.0,,33.0,,,8.0,,
Lactobacillus_helveticus,,,,,,,,,,,,,,,,,,,,,9.0,,,,,,,,,,,,,,,,
Lactobacillus_johnsonii,,,8.0,,,,,,,,,,,,,,,,,,182.0,,1.0,,,1.0,,,,10.0,,,,,,,
Lactobacillus_paragasseri,,,10.0,,,,,,,,,,,,,,,,,,,,,,,19.0,,,,108.0,,5.0,,,,,
Lactobacillus_prophage_Lj771,,,,,,,,,,,,,,,,,,,,,,,,,,,,,,1.0,,,,,,,
Lactobacillus_sp._3B(2020),,,,,,,,,,,,,,,,,,,,,,,,,,,,,,1.0,,,,,,,
Lactobacillus_sp._JM1,,,9.0,,,,,,,,,,,,,,,,,,,,,,,92.0,,,,29.0,,,,,,,
Lactobacillus_taiwanensis,,,,,,,,,,,,,,,,,,,,,2.0,,,,,,,,,,,,,,,,
Lactococcus_carnosus,,,,,,,,,,,,,,,,,,,,,,1.0,,,,,,,,,,,,,,,
Lactococcus_cremoris,,6.0,46.0,2.0,,,,,4.0,18.0,33.0,21.0,31.0,8.0,16.0,33.0,7.0,62.0,6.0,7.0,15.0,2.0,19.0,10.0,,14.0,,,64.0,,,,14.0,,476.0,15.0,2.0
Lactococcus_garvieae,,,,,,,,,,,,,,,,,,,,,6.0,,,,,,,,,,,,,,1.0,,
Lactococcus_lactis,1.0,43.0,2036.0,1.0,10.0,14.0,168.0,,10.0,,105.0,19.0,5.0,,2.0,43.0,2.0,48.0,15.0,,2546.0,4.0,8.0,,,3.0,2.0,,1085.0,16.0,,,2.0,,1722.0,1.0,
Lactococcus_petauri,,,5.0,2.0,,,,,,,,,,,,,,,,,,,,,3.0,,,,15.0,,,1.0,,,12.0,2.0,
Lactococcus_phage_4268,,,,,,,,,,,,,,,,1.0,,1.0,,,,,,,,,,,,,,,,,,,
Lactococcus_phage_98201,,,,,,,,,,,,,,,,,,,,,3.0,,,,,,,,,,,,,,,,
Lactococcus_piscium,,,,,,,,,,,,,,,,,,,,,,1.0,,,,,,,,,,,,,1.0,,
Lactococcus_raffinolactis,,,,,,,,,,,,,,,,,,,,,,,,,,,,,,,,,,,1.0,,
Lactococcus_sp.,,37.0,75.0,,,4.0,,,,8.0,,,,,6.0,10.0,9.0,36.0,6.0,5.0,18.0,,,,,,,,87.0,,,,,,92.0,,3.0
Lactococcus_sp._LG606,,,,,,,,,,,,,,,,,,,,,,,,,,,,,,,,,,,3.0,,
Lactococcus_sp._NH2-7C,,,,,,,,,,,,,1.0,,,,,,,,2.0,,,,,,,,,,,,,,1.0,,
Lancefieldella_parvula,,,,,,,,,,,,,,,,,,,,,4.0,,,,,2.0,,,,,,,,,,4.0,
Lapidilactobacillus_dextrinicus,,,,,,,,,,,,,,,,,,,,,,,,,,,,,9.0,,,12.0,,,,,
Latilactobacillus_curvatus,,4.0,,,,,,,,8.0,,,,,,5.0,,,1.0,,,,,,,,,,,,,,8.0,,,,
Latilactobacillus_sakei,,,,,,,,,,,,,,,,3.0,,,,,,,,1.0,,,,,,,,,,,,,
Lawsonella_clevelandensis,,,,,,,,,,,,,,,,,,,,,,,,,,2.0,,,,,,,,,,,
Lawsonibacter_asaccharolyticus,647.0,893.0,,1093.0,1.0,1.0,2.0,254.0,18.0,1207.0,394.0,210.0,1074.0,22.0,47.0,63.0,715.0,13.0,11.0,66.0,99.0,676.0,207.0,322.0,641.0,1.0,1.0,26.0,,1.0,16.0,,87.0,1.0,1.0,564.0,162.0
Leclercia_adecarboxylata,,,,,,,,,,,,,,,,,,,,,17.0,,,,,,1.0,,,,,,,,,,
Lelliottia_sp._JS-SCA-14,,1.0,,,,,,,,,,,,,,,,,,,,,,,,,,,,,,,,,,,
Lelliottia_sp._WB101,,,,,,,,,,,,,,,,,,1.0,,,,,,,,,,,,,,,,,,,
Lentavirus_PMBT5,,,,,,,,,,,,,,,,,,,,,,,,,,,,,,,,,,,1.0,,
Lentilactobacillus_parabuchneri,,,,,1.0,,,,,,,,,,,,,,,,,,,,,,,,,,,,,,,,
Leuconostoc_carnosum,,,,,,,,,,,,,,,,,2.0,,,,,,,,,,,,,,,,,,,,
Leuconostoc_gasicomitatum,,2.0,,,,,,,,,,,,,,,,,,,,2.0,,,,,,,,,,,,,,,
Leuconostoc_gelidum,,,,,,,,,1.0,,,,,,,1.0,,,,,,,,,,,1.0,,,,,,,,,,
Leuconostoc_mesenteroides,,3.0,,,,,,,,5.0,,,,,,1.0,4.0,,,1.0,,,,,,,33.0,,,,,,,,,,
Leuconostoc_pseudomesenteroides,,,,,,,,,,,,,,,,,,,,,,,2.0,,,,,,,,,,,,,,
Levilactobacillus_brevis,,,,,,,,,,,,,,,,,,,,,,,,,1.0,,,1.0,,,,,,,11.0,,
Ligilactobacillus_murinus,,,2.0,4.0,,,,,1.0,,,,,,,,,,,,,5.0,22.0,8.0,,,3.0,1.0,,4.0,,3.0,,,,,5.0
Ligilactobacillus_ruminis,6.0,2.0,1.0,1471.0,,,,1.0,3.0,3.0,4.0,4.0,4.0,3.0,2.0,6.0,3.0,,1.0,1.0,8.0,,4.0,1.0,5.0,2.0,,2.0,,2.0,,7.0,2.0,,,3.0,2.0
Ligilactobacillus_saerimneri,,,1.0,,,,,,,,,,,,,,,,,,,,,,,,,,,,,,,,,,
Ligilactobacillus_salivarius,,1.0,1839.0,,,,1.0,,,,,,1.0,,3.0,,,,,,5.0,,,,8.0,,,,,1956.0,,86.0,,,5.0,,
Limosilactobacillus_allomucosae,,,,,,,,,,,,,,,,,,,,,9.0,,,,,,,,,,,,,,,,
Limosilactobacillus_fermentum,,,1965.0,,,,,,,,,,,,,,,32.0,1.0,9.0,529.0,,,,84.0,1.0,,,,1189.0,,23.0,,,2.0,,
Limosilactobacillus_gastricus,,,2.0,,,,,,,,,,,,,,,,,,,,,,,6.0,,,,1.0,,6.0,,,1.0,,
Limosilactobacillus_mucosae,,,,,,,,,,,,,,,,,,,,,434.0,,,,,,,,,1.0,,,,,,,
Limosilactobacillus_oris,,,20.0,,,,,,,,,,,,,,,,,,,,,,,,,,,104.0,,1.0,,,3.0,,
Limosilactobacillus_panis,,,,,,,,,,,,,,,,,,4.0,,,,,,,,,,,,,,,,,1.0,,
Limosilactobacillus_portuensis,,,179.0,,,,,,,,,,,,,,,,,,2.0,,,,,,,,,210.0,,20.0,,,45.0,,
Limosilactobacillus_reuteri,,,6.0,,,,,,,,,,,,,,,,,,3.0,,,,,,,,,6.0,,2.0,,,3.0,,
Limosilactobacillus_vaginalis,,,18.0,,,,,,,,,,,,,,,,,,42.0,,,,,,,,,32.0,,3.0,,,2.0,,
Listeria_monocytogenes,,,,,4.0,6.0,3.0,,,,,,,,,,,,,,,,,,,,,,,,,,,,,,
Longicatena_caecimuris,14.0,4.0,7.0,769.0,9.0,26.0,20.0,204.0,2.0,6.0,14.0,6.0,21.0,3.0,17.0,14.0,16.0,40.0,17.0,6.0,2.0,521.0,1.0,10.0,7.0,774.0,,13.0,5.0,8.0,4.0,10.0,5.0,,3.0,24.0,3.0
Lughvirus_lugh,3.0,1.0,,,,,,,,,3.0,4.0,1.0,,,,,,,,,,,,2.0,,,,,,,,,,,,1.0
Lysinibacillus_sp._G01H,,,,,,,,,,,,,,,,,,,,,,4.0,,,,,,,,,,,,,,,
Mageeibacillus_indolicus,1.0,1.0,,,,,1.0,,,2.0,,,,1.0,2.0,1.0,1.0,,,1.0,,,4.0,1.0,2.0,1.0,,,,5.0,,1.0,,,,,
Mahlunavirus_rarus,,,,,,,,,,,,,,,,,,,,,,,,,,,,,,,,,,,,2.0,
Mahstovirus_faecalis,,,,,,,,,,,,,,,,,,,,,,,,,,4.0,,,,,,,,,,,
Maliibacterium_massiliense,9.0,11.0,1.0,39.0,5.0,16.0,11.0,2.0,,10.0,4.0,3.0,17.0,1.0,20.0,13.0,11.0,7.0,4.0,,5.0,16.0,6.0,2.0,29.0,1.0,,23.0,,,2.0,2.0,2.0,,,9.0,9.0
Marvinbryantia_formatexigens,2.0,5.0,2.0,1.0,1.0,1.0,,1.0,4.0,6.0,4.0,4.0,16.0,2.0,9.0,2.0,7.0,8.0,2.0,6.0,5.0,1331.0,4.0,2.0,1.0,17.0,,7.0,1.0,14.0,1.0,10.0,9.0,,1.0,7.0,10.0
Massilistercora_timonensis,23.0,52.0,1.0,122.0,11.0,13.0,16.0,7.0,4.0,51.0,26.0,16.0,38.0,12.0,59.0,32.0,56.0,119.0,17.0,22.0,32.0,29.0,19.0,14.0,256.0,4.0,,88.0,9.0,5.0,7.0,11.0,45.0,,18.0,40.0,121.0
Mediterraneibacter_gnavus,163.0,207.0,313.0,127.0,27.0,104.0,68.0,98.0,415.0,900.0,281.0,153.0,922.0,127.0,945.0,626.0,196.0,312.0,239.0,63.0,321.0,2547.0,3378.0,88.0,147.0,869.0,3.0,3513.0,47.0,2786.0,12.0,2728.0,51.0,,1568.0,262.0,134.0
Megalodesulfovibrio_gigas,,,,,,,,3.0,,,,,,,,,,,,,,,,,,,,,,,,,,,,,
Megamonas_funiformis,,,,,,,,,,,,,,,,,,,,,,,,,,,,,,,,,,,,,3.0
Megamonas_hypermegale,,1.0,,1.0,,,,2.0,,,,,,,,,,,,1.0,,,,1.0,6.0,,,,,,,,1.0,,,,
Megasphaera_elsdenii,,,,1.0,,,,,1.0,1.0,,,,,1.0,,,,,,,,,,,,,,,,,,,,,1.0,2.0
Megasphaera_hexanoica,,,,,,,,,,,,,,,,,,,,,,,,,,,,,,,,,,,,,1.0
Megasphaera_massiliensis,,,,,,,,,130.0,,,,,,,,,,,,,,,,,,,,,,,,,,,242.0,
Megasphaera_stantonii,1.0,,,1.0,2.0,,,,,,2.0,,,,3.0,2.0,1.0,,1.0,3.0,,,,2.0,,,,9.0,,,,6.0,1.0,,,,1.0
Mesomycoplasma_ovipneumoniae,,,,,,,,,,,,,,,,,,,,,1.0,,,,,,,,,,,,,,,,
Methanobrevibacter_smithii,,,,503.0,,,,,,,,,,,,,,,,,,,1199.0,,72.0,,,,,,218.0,,,12.0,,30.0,151.0
Methanobrevibacter_sp._TLL-48-HuF1,,,,8.0,,,,,,,,,,,,,,,,,,,23.0,,4.0,,,,,,5.0,,,,,234.0,8.0
Methanobrevibacter_sp._YE315,,,,,,,,,,,,,,,,,,,,,,,,,,,,,,,,,,,,1.0,
Methanosphaera_stadtmanae,,,,,,,,,,,,,,,,,,,,,,,,,,,,,,,,,,,,980.0,
Mobiluncus_massiliensis,,,,,,,,,,,,,,,,,,,,,,,,,,1.0,,,,,1.0,,,,,,
Mogibacterium_diversum,,3.0,,,,,,,,,,,,,,,,3.0,1.0,,,44.0,1.0,,,314.0,,,,1.0,,,,,,1.0,
Mogibacterium_neglectum,,,,,,,,,,,,,,,,,,,,,,5.0,,,,6.0,,,,,,,,,,,
Mogibacterium_pumilum,,,2.0,,,1.0,1.0,,,,,,1.0,,,,,,,,,3.0,,,,10.0,,,,,,1.0,,,3.0,,
Moineauvirus_CHPC879,,,,,,,,,,,,,,,,,,2.0,,,,,,,,,,,,,,,,,,,
Moineauvirus_P7152,,,,,,,,,,,,,,,,,,,,,,,,,,,,,,,,6.0,,,,,
Monoglobus_pectinilyticus,5.0,6.0,1.0,5.0,6.0,26.0,,118.0,,7.0,183.0,35.0,49.0,20.0,542.0,112.0,17.0,48.0,23.0,4.0,1.0,2.0,2.0,4.0,2.0,1627.0,,2739.0,,,,1.0,7.0,,4.0,1.0,1.0
Morganella_morganii,,,,,,,,,,,,,,,,,,,,,,,,,,,,,,,,,,,346.0,,
Murdochiella_vaginalis,,,,,,,,,,,1.0,1.0,,,,,,,1.0,,,1.0,,,,,,,,,,,,,,1.0,1.0
Muribaculum_gordoncarteri,,,,,,,,,,,,,,,,,,,,,,,,,,,,,,,,,,,1.0,1.0,1.0
Muribaculum_intestinale,,,,,,,,2.0,,,,,,,,,,,,,,,,,,,,,,,,,,,,1.0,1.0
Neobacillus_novalis,,,,,,,3.0,,,,,,,,,,,,,,,,,,,,,,,,,,,,,,
Nitratidesulfovibrio_vulgaris,,,,,,,,14.0,,,,3.0,,,,,,,,1.0,,1.0,,,,,,,,,,,,,,,2.0
Novisyntrophococcus_fermenticellae,,,1.0,,1807.0,1347.0,2114.0,2.0,,,1.0,,,,,,,1.0,1.0,,,,2.0,,6.0,1.0,,5.0,,1.0,,,,,,3.0,
Obesumbacterium_proteus,,,1.0,,,,,,,,,,,,,,,,,,,,,,,,,,,,,1.0,,,,,
Odoribacter_splanchnicus,2.0,5.0,,2624.0,,4.0,,2316.0,,3811.0,2420.0,2359.0,2635.0,364.0,330.0,103.0,10.0,18.0,20.0,5.0,1271.0,,3875.0,4.0,2281.0,,,,,,108.0,,1.0,2.0,2.0,2120.0,1286.0
Oengusvirus_oengus,4.0,,,2.0,,,,,,56.0,14.0,18.0,16.0,12.0,12.0,,15.0,,1.0,11.0,,,,7.0,32.0,,,,,,,,,,,1.0,
Olsenella_timonensis,,,,,,,,,,,,,,,,,,,,,,,,,102.0,,,,,,,,,,,9.0,
Oscillibacter_hominis,76.0,75.0,,79.0,11.0,7.0,6.0,47.0,3.0,62.0,55.0,58.0,98.0,44.0,41.0,54.0,100.0,38.0,36.0,29.0,39.0,95.0,156.0,47.0,92.0,6.0,,6.0,,3.0,16.0,1.0,19.0,1.0,,97.0,47.0
Oscillibacter_sp._PEA192,638.0,368.0,6.0,695.0,,,19.0,185.0,761.0,1122.0,766.0,469.0,473.0,448.0,243.0,290.0,539.0,269.0,216.0,73.0,,505.0,1287.0,183.0,896.0,12.0,,253.0,,33.0,84.0,24.0,174.0,39.0,,641.0,594.0
Oxalobacter_aliiformigenes,,,,,,,,,,4.0,,,,,,,2.0,,2.0,,,,15.0,,6.0,,,,,,,,1.0,1.0,,,
Oxalobacter_formigenes,,,,,,,,,,,,,,,,,,,1.0,,,,,,,,,,,,,,,,,16.0,
Pamirivirus_faecium,,,,,,,,,,,,,,,,,,,,,,,,,,,,,,,,,,,,2.0,
Pantoea_agglomerans,,1.0,,,,,,,,,,,,,,,,,,,,,,,,,,,,,,,,,,,
Pantoea_ananatis,,,,,,,,,,,,,,,,,,,,,,,,,,,5.0,,,,,,,,,,
Pantoea_stewartii,,,,,,,,,,,,,,,,,,,,,,,,,,,1.0,,,,,,,,,,
Parabacteroides_absconsus,,,,1.0,,5.0,1.0,50.0,,,,,,,,,,,,,5.0,,2.0,,4.0,1.0,,,,,,,,1.0,,8.0,
Parabacteroides_chongii,,,,1.0,,,,,,,,,,,,,,,,,3.0,,4.0,,1.0,,,,,,,,,,,3.0,1.0
Parabacteroides_distasonis,22.0,29.0,,811.0,199.0,5197.0,229.0,607.0,166.0,506.0,29.0,19.0,35.0,7.0,2.0,7.0,38.0,48.0,24.0,40.0,458.0,,771.0,12.0,3454.0,82.0,578.0,229.0,6.0,,992.0,2.0,18.0,21.0,24.0,5521.0,270.0
Parabacteroides_faecis,1.0,1.0,,,,,,1.0,,,,1.0,,,,,1.0,1.0,,3.0,2.0,,10.0,1.0,,,,,,,,,2.0,,,14.0,2.0
Parabacteroides_goldsteinii,2.0,3.0,,277.0,,10.0,,1.0,,3.0,6.0,8.0,13.0,3.0,,,10.0,5.0,8.0,5.0,4.0,,17.0,3.0,12.0,,,,,,8.0,,,,,401.0,279.0
Parabacteroides_johnsonii,113.0,140.0,,13.0,,,,9.0,,6.0,154.0,131.0,193.0,43.0,1.0,4.0,210.0,2.0,,,19.0,,9.0,13.0,17.0,,,,,,,,23.0,,,33.0,3.0
Parabacteroides_merdae,1856.0,2434.0,,3661.0,,2.0,,1617.0,1.0,520.0,2301.0,2200.0,3050.0,786.0,22.0,86.0,3096.0,3.0,,,2956.0,,2874.0,168.0,3992.0,41.0,,,,,13.0,,324.0,,,3766.0,231.0
Parabacteroides_sp._CT06,,16.0,,,,,,97.0,11.0,3063.0,,,,12.0,,,,,,,,,3897.0,,73.0,,229.0,,,,,,,,,117.0,106.0
Paracidovorax_avenae,,,,,,,,,,,,,,,,,31.0,,,,,,,,,,,19.0,,,,,,,,,
Paraclostridium_bifermentans,,,2.0,,,,1.0,,,,,,,,,,,,,,,,1.0,,,,,,,3.0,,,,,,,
Paraclostridium_ghonii,,,2.0,,,,,,,,,,,,,,,,,,,,,,,3.0,,,,,,,,,,,
Paraclostridium_sordellii,,,,,,1.0,,,,,,,,,,,,,,,2.0,2.0,6.0,,2.0,5.0,,,,,,,,,,,
Parafannyhessea_umbonata,,,,,,,,,,,,,,,,,,,,,,,,,,,,,,,,,,,,1.0,1.0
Paramuribaculum_intestinale,,,,,,,,,,,,,,,,,,,,,,,,,,,,,,,,,,,8.0,1.0,
Paraprevotella_clara,,,,2.0,,,,42.0,6.0,,,,,,,,,,,,3.0,,10.0,,3.0,,,,,,,,,,,58.0,1039.0
Paraprevotella_xylaniphila,,,,,,,2.0,,,2.0,3.0,2.0,1.0,4.0,1.0,4.0,,,,,1.0,,1.0,,,,,,,,,,,,5.0,7.0,148.0
Parascardovia_denticolens,,,2.0,,,,,,,,,,,,,,,,,,,,,,,,,,,,,,,,,,
Parolsenella_catena,,,,,2.0,,12.0,,,,,,,,,,,,,,,,3.0,,,,,5.0,,,,,,,1.0,,
Parolsenella_massiliensis,,,,1.0,,,,2.0,,,,,,,,,,2.0,,,4.0,,8.0,,1.0,,,,,,,,,,,1.0,
Parvimonas_micra,,,,9.0,,,,,,3.0,,,,,,,,,,,,3.0,1.0,,,6.0,,,,,23.0,2.0,,,,3.0,
Pauljensenia_hongkongensis,,,,,,,,,,,,,,,,,,,,,,,,,,1.0,,,,,,,,,,,
Paundivirus_hollandii,,,,,,,,,,,,,,,,,,,,,,,,,,,,,,,,,,,,2.0,
Pediococcus_acidilactici,,,,,539.0,538.0,30.0,,,,,,,,,,,,,,,,,,,,,,,,,,,,1.0,,
Pediococcus_pentosaceus,,,,,6.0,6.0,,,,,,,,,,6.0,,,,,,,,,,33.0,,1.0,,,,,,,,,
Pediococcus_sp._AC40,,,,,23.0,12.0,,,,,,,,,,,,,,,,,,,,,,,,,,,,,,,
Peptacetobacter_hiranonis,,,,,,2.0,,,,,,,,,,,,,,,,2.0,1.0,,,,,,,,,,,,,,
Peptoniphilus_equinus,,1.0,,,,,,,,,,,,,,,,,,,,1.0,,,,1.0,,,,,,,,,,,
Peptoniphilus_genitalis,,,,,,,,,,,,,,,,,,,,,,,,,,10.0,,,,,,,,,,,
Peptoniphilus_harei,,,,,,,,,,,,,,,,,,,,,,,,,,3.0,,,,,,,,,,,
Peptostreptococcus_equinus,,,,,,,,,,,,,,,,,,,,,,,,,,,,,,,1.0,,,,,,
Petrimonas_mucosa,,,,1.0,,,,,,,,,,,,,,,,,,,,,,,,,,,,,,,,,5.0
Phascolarctobacterium_faecium,,,,,,,,2028.0,,,3.0,4.0,3.0,11.0,7.0,1.0,2.0,4.0,2.0,,,,1489.0,1.0,1.0,,,,,,,,7.0,,,,
Phascolarctobacterium_sp._Marseille-Q4147,9.0,7.0,,57.0,,2.0,,1.0,,2.0,4.0,6.0,5.0,4.0,2.0,6.0,7.0,,1.0,3.0,,,,3.0,5.0,,,1.0,,,5.0,,,,,301.0,1007.0
Phascolarctobacterium_succinatutens,5.0,,,2209.0,,,,,5.0,,2.0,,2.0,,1.0,,2.0,,1.0,,,,2.0,4.0,12.0,,,,,7.0,111.0,,4.0,,1.0,337.0,1186.0
Phocaeicola_coprophilus,1.0,1.0,,1.0,1.0,1.0,5.0,1.0,1.0,4.0,1.0,1.0,1.0,2.0,6.0,7.0,1.0,2.0,1.0,1.0,19.0,,1.0,1.0,8.0,3.0,,1.0,4.0,,,2.0,1.0,,5.0,24.0,
Phocaeicola_dorei,21.0,13.0,,78.0,,26.0,,166.0,13.0,1296.0,13.0,12.0,13.0,14.0,27.0,35.0,14.0,2.0,,12.0,1409.0,,126.0,8.0,318.0,39.0,132.0,,,,140.0,,18.0,55.0,24.0,145.0,2266.0
Phocaeicola_salanitronis,,,,2.0,,,,,,27.0,7.0,3.0,5.0,2.0,1.0,,,,,,1.0,,11.0,,222.0,2.0,,,,,6.0,,,1.0,,6.0,7.0
Phocaeicola_vulgatus,195.0,188.0,,748.0,,21.0,,55.0,269.0,1185.0,254.0,255.0,231.0,175.0,3399.0,3466.0,213.0,317.0,215.0,247.0,372.0,1.0,1650.0,218.0,4072.0,900.0,24.0,,,,4791.0,,164.0,1681.0,2.0,4345.0,2289.0
Porphyromonas_asaccharolytica,,,,,,,,,,,,,,,,,,,,,,,,,,,,,,,1.0,,,,,,
Porphyromonas_gingivalis,,,,,,,,2.0,,,,,,,1.0,,,,,,,,,,,,,,,,,,,,,8.0,4.0
Prevotella_bivia,,,,,,,,,,,,,,,,,,,,,,,,,,,,,,,1.0,,,,,1.0,2.0
Prevotella_communis,,,,3.0,,,,,,,,,,,,,,,,,,,,,,,,,,,,,,,,,
Prevotella_corporis,,,,4.0,,,,,,,,,,,,,,,,,,,,,,,,,,,5.0,1.0,,,,1.0,8.0
Prevotella_dentalis,,,,,,,,,,,,,,,,,,1.0,,,,,,,,,,,,,,,,,,,
Prevotella_denticola,,,,5.0,,,,,,,,,,,,,,,,,,,,,,,,,,,,,,,,6.0,5.0
Prevotella_fusca,,,1.0,,,,,,,,,,,,,,,,,,,,5.0,,9.0,,,,,,,,,,,,
Prevotella_intermedia,,,24.0,,,,,2.0,,,,,,,,,,2.0,,,,,,,,,,,,,4.0,,,,,,1.0
Prevotella_jejuni,,,2.0,,,,,,,,,,,,,,,,,,,,,,,,,,,,,,,,,,
Prevotella_melaninogenica,,,4.0,3.0,,,,,,,1.0,,,1.0,1.0,,,,,,,,1.0,,,,,,,,3.0,1.0,,,,,1.0
Prevotella_nigrescens,,,9.0,6.0,,,,,,2.0,,,,,,,,3.0,,,,,,,,,,,,,,,,,,,4.0
Prevotella_sp._E13-17,,,,,,,,,,,,,,,,,,,,,,,,,,,,,,,,,,,,,2.0
Prevotella_sp._E9-3,,,,,,,,,,,,,,,,,,,,,,,,,,,,,,,2.0,,,,,,6.0
Prevotella_sp._Rep29,,,,,,,,,,,,,1.0,,,,,,,,,,,,,,,,,,,,,,,,
Prevotella_veroralis,,,11.0,2.0,,,,,,,,,,,,,,2.0,,,,,,,,,,,,,7.0,,,,,,
Propionibacterium_acidifaciens,,,7.0,,,,,,,,,,,,,,,,,,,,,,,1.0,,,,,,,,,,,
Propionibacterium_freudenreichii,,,,,1731.0,197.0,122.0,,,,,,,,,,26.0,,,,,,2.0,,,,,,,,,,,,,,
Proteiniborus_sp._MB09-C3,,,,,,,2.0,,,,,,,,,,,,,,,,,,,,,,,,,,,,,,
Proteiniclasticum_sp._QWL-01,,,,,1.0,2.0,15.0,,,,,,,,,,,,,,,,,,,,,1.0,,,,,,,,,
Pseudobutyrivibrio_xylanivorans,,,,,,,,,,,,,,,,,,,,,,,,,1.0,,,,,,,,,,,,
Pseudocitrobacter_corydidari,,,3.0,,,,,,,,,,,,,,,,,,,,,,,,,,,5.0,,4.0,,,,,
Pseudodesulfovibrio_aespoeensis,,,,,,,,,,,1.0,,,,,,,,,,,,,,,,,,,,,,,,,,
Pseudodesulfovibrio_profundus,,,,,,,,,,,2.0,,,,1.0,,,,,,,,,,,,,,,,,,,,,,
Pseudoprevotella_muciniphila,,,,,,,,,,,,,,,,,,,,,,,,,,,,,,,,,,,,1.0,
Pusillibacter_faecalis,237.0,162.0,2.0,63.0,2.0,2.0,4.0,25.0,27.0,217.0,126.0,83.0,452.0,36.0,31.0,18.0,259.0,330.0,16.0,32.0,5.0,37.0,127.0,25.0,74.0,4.0,,108.0,,1.0,44.0,1.0,35.0,,,65.0,120.0
Pyramidobacter_piscolens,,,3.0,,1.0,1.0,1.0,,,,,1.0,,2.0,,,,,,,,,,1.0,1.0,,,1.0,,2184.0,,119.0,,,2.0,,958.0
Pyramidobacter_sp._YE332,,,,,,,,,,,,,,,,,,,,,,,,1.0,,,,,,124.0,,4.0,,,1.0,,45.0
Qiania_dongpingensis,1.0,,,3.0,,,,3.0,,3.0,,1.0,3.0,1.0,1.0,1.0,4.0,2.0,,2.0,,2.0,1.0,,4.0,,,5.0,,,,4.0,,,2.0,4.0,1.0
Raoultella_ornithinolytica,,1467.0,9.0,,,,,,,,,,,,,,166.0,,,,,,,,,,,,,4.0,,7.0,,,,,
Raoultella_planticola,,1.0,,,,,,,,,,,,,,,,,,,,,,,,,,,1.0,,,,,,,,
Raoultella_sp._X13,,689.0,,,,,,,,,,,,,,,87.0,,,,,,,,,,,,,,,,,,,,
Raoultella_sp._XY-1,,90.0,,,,,,,,,,,,,,,,,,,,,,,,,,,,,,,,,,,
Raoultibacter_timonensis,,1.0,,,3.0,17.0,5.0,,,,,1.0,,,2.0,,1.0,,,,1.0,,4.0,,8.0,,,,,,,,,,,,
Rockefellervirus_IPLA5,,,,,,,,,,,,,,,,,,,,,1.0,,,,,,,,,,,,,,,,
Romboutsia_hominis,,,5.0,,4.0,3.0,2.0,,,,,,,,,1.0,,,,,1.0,5.0,2.0,,2.0,2.0,,,,2.0,,1.0,,,,,
Romboutsia_ilealis,1.0,,10.0,9.0,162.0,179.0,203.0,20.0,,3.0,,,,,,74.0,,,,,47.0,949.0,1192.0,,1777.0,57.0,,8.0,,6.0,,,1.0,,,5.0,
Romboutsia_sp._13368,,,7.0,,11.0,8.0,16.0,1.0,,,,,,,,3.0,,,,,11.0,61.0,76.0,,84.0,5.0,,,,,,1.0,,,,,
Romboutsia_sp._CE17,,,20.0,1.0,58.0,42.0,53.0,4.0,,,,,,,,6.0,,,,,106.0,18.0,12.0,,51.0,396.0,,,,5.0,,3.0,,,,,
Roseburia_hominis,148.0,183.0,10.0,881.0,18.0,51.0,67.0,86.0,2682.0,630.0,130.0,98.0,146.0,66.0,142.0,147.0,156.0,2791.0,129.0,56.0,157.0,90.0,2803.0,65.0,288.0,8.0,2.0,172.0,,19.0,22.0,46.0,78.0,3.0,31.0,1341.0,137.0
Roseburia_intestinalis,302.0,176.0,52.0,283.0,15.0,40.0,43.0,3216.0,858.0,2266.0,225.0,159.0,186.0,219.0,389.0,278.0,149.0,3296.0,1380.0,262.0,120.0,155.0,2711.0,297.0,740.0,3.0,1.0,248.0,8.0,41.0,15.0,3530.0,87.0,,229.0,427.0,174.0
Roseburia_rectibacter,21.0,15.0,2.0,25.0,,5.0,4.0,78.0,15.0,49.0,25.0,18.0,14.0,14.0,46.0,20.0,16.0,63.0,30.0,22.0,11.0,4.0,86.0,30.0,57.0,5.0,,25.0,1.0,,,41.0,16.0,,22.0,34.0,19.0
Roseburia_sp._499,13.0,1.0,35.0,23.0,,1.0,9.0,2.0,,16.0,7.0,10.0,5.0,19.0,13.0,7.0,2.0,11.0,2.0,14.0,4.0,2.0,17.0,5.0,7.0,,,2.0,1.0,26.0,1.0,13.0,11.0,,3.0,6.0,4.0
Roseburia_sp._831b,6.0,3.0,32.0,12.0,1.0,2.0,20.0,3.0,4.0,10.0,5.0,2.0,4.0,5.0,8.0,2.0,5.0,9.0,3.0,4.0,12.0,3.0,8.0,3.0,21.0,2.0,,9.0,,24.0,,33.0,1.0,,5.0,9.0,1.0
Rothia_dentocariosa,,,7.0,,,,,,,,,,,,,,1.0,,,,1.0,,,,,2.0,,,,,,,,,,,
Rothia_mucilaginosa,,,1.0,,,3.0,,,,3.0,,,,,,,,,,,11.0,1.0,,,,9.0,2.0,,,,,,,,1.0,43.0,
Ruminiclostridium_herbifermentans,,,,,,,2.0,,,,,,,,,,,,,1.0,,,,,,,,,,,,,,,,,
Ruminococcus_albus,5.0,4.0,,,,,,,,9.0,3.0,4.0,4.0,,3.0,3.0,3.0,1.0,4.0,,,,,,6.0,,,,,,,,2.0,,,1.0,
Ruminococcus_bicirculans_(ex_Wegman_et_al._2014),1404.0,2495.0,,2.0,1.0,,,2.0,,2485.0,2026.0,2542.0,1940.0,813.0,1879.0,1619.0,1067.0,110.0,2577.0,309.0,1.0,2.0,13.0,16.0,2554.0,,,14.0,,,,,1818.0,,3.0,8.0,2.0
Ruminococcus_bovis,,3.0,,1.0,,,2.0,,,,,,1.0,,2.0,1.0,2.0,2.0,2.0,1.0,2.0,1.0,1.0,1.0,,,,,,,,,,,,,1.0
Ruminococcus_champanellensis,46.0,36.0,,25.0,,,,,1.0,18.0,39.0,35.0,39.0,16.0,42.0,34.0,28.0,11.0,39.0,14.0,,4.0,14.0,8.0,27.0,6.0,,5.0,,,13.0,,30.0,,,3.0,4.0
Ruminococcus_gauvreauii,,,,,3.0,2.0,2.0,,3.0,,,,,,2.0,3.0,1.0,,,,,21.0,2.0,1.0,,,,6.0,,3.0,,7.0,1.0,,61.0,1.0,12.0
Ruminococcus_sp._SR1/5,410.0,160.0,13.0,1281.0,10.0,17.0,,523.0,6.0,758.0,183.0,374.0,223.0,419.0,158.0,102.0,155.0,54.0,67.0,294.0,141.0,35.0,1419.0,488.0,969.0,88.0,,54.0,27.0,21.0,33.0,34.0,534.0,,4.0,890.0,1800.0
Ruthenibacterium_lactatiformans,133.0,3248.0,,2094.0,169.0,214.0,2305.0,62.0,367.0,59.0,184.0,115.0,308.0,107.0,407.0,108.0,188.0,1267.0,2124.0,202.0,147.0,3591.0,238.0,105.0,248.0,122.0,,3168.0,,1.0,65.0,4.0,258.0,12.0,,109.0,615.0
Salmonella_bongori,,,4.0,,,,,,,,,,,,,,,,,,,,,,,,,,,1.0,,4.0,,,,,
Salmonella_enterica,,,131.0,,,,108.0,,,,,,,,,,,,,4.0,,,,,,,11.0,,36.0,126.0,,117.0,,,,,
Sarcina_sp._JB2,,,,,34.0,,,,,,,,,,,5.0,,,,,52.0,,,,12.0,,,,,,,,,,,,150.0
Scardovia_inopinata,,,1.0,,,,,,,,,,,,,,,,,,,,,,,,,,,1.0,,,,,,,
Schaalia_meyeri,,,,,,,,,,,,,,,,,,,,,,,,,,1.0,,,,,,,,,,,
Schaalia_odontolytica,,,1.0,,,804.0,2.0,59.0,,30.0,,,,,2.0,,,8.0,,4.0,1.0,145.0,34.0,,2.0,274.0,,,,,,,,,4.0,168.0,
Schaalia_sp._HMT-172,,,,,,53.0,,6.0,1.0,8.0,,,,,,,,,1.0,,,6.0,28.0,,,1943.0,1.0,,,,,,,,,26.0,
Schaalia_turicensis,,1.0,,,,,9.0,,,,2.0,2.0,1.0,2.0,,,1.0,,,,,1.0,1.0,1.0,,,,,,,,,,,,,
Schnuerera_ultunensis,,,,,,,4.0,,,,,,,,,,,,,,,,,,,,,,,,,,,,,,
Sedimentibacter_sp._MB31-C6,,,,,,,9.0,,,,,,,,,,,,,,,,,,,,,,,,,,,,,,
Sedimentibacter_sp._MB35-C1,,,,,,,8.0,,,,,,,,,,,,,,,,,,,,,,,,,,,,,,
Segatella_bryantii,,,,,,,1.0,,,,1.0,,,,,,,,,,,,,,,,,,,,5.0,,,,,,
Segatella_copri,,,,102.0,,,,4.0,,17.0,1.0,,,,,,,,,,1.0,,6.0,,19.0,,,,,,84.0,,,,,234.0,903.0
Segatella_hominis,,,,7.0,,,,,,2.0,,,,,,,,,,,,,,,,,,,,,5.0,,,,,3.0,25.0
Segatella_oris,,,7.0,,,,,,,,,,,,,,,,,,,,,,,,,,,,,,,,,,
Selenobaculum_gibii,,,,,,,,,,,,,,,,,,,,,,,,,,,,,,,,614.0,,,232.0,,
Selenomonas_sputigena,,,,,,,,,,,,,,,,,,,,,,1.0,,,1.0,,,1.0,,,,,,,,,
Sellimonas_intestinalis,535.0,1630.0,1.0,22.0,2.0,3.0,5.0,248.0,5.0,7.0,2.0,6.0,48.0,6.0,3.0,2.0,30.0,3.0,90.0,183.0,26.0,92.0,58.0,92.0,2.0,25.0,,108.0,3102.0,1294.0,,2978.0,155.0,,816.0,,3.0
Serratia_inhibens,,,1.0,,,,,,,,,,,,,,,,,,,,,,,,,,,,,,,,,,
Serratia_marcescens,,2.0,,,,,,,,,,,,,,,,,,,,,,,,,361.0,,2.0,,,,,,,,
Simiaoa_sunii,19.0,19.0,263.0,1467.0,10.0,14.0,1.0,24.0,5.0,57.0,34.0,20.0,17.0,13.0,25.0,15.0,14.0,464.0,30.0,26.0,14.0,6.0,2179.0,17.0,860.0,5.0,,1111.0,,39.0,9.0,11.0,10.0,2.0,20.0,3329.0,27.0
Siminovitchia_sp._FSL_H7-0308,,,,,,4.0,,,,,,,,,,,,,,,,,,,,,,,,,,,,,,,
Sinanaerobacter_sp._ZZT-01,,,,,,,,,,,,,,,,,,,,,,,1.0,,,,,1.0,,,,,,,,,1.0
Sodaliphilus_pleomorphus,,,,,,,,,,,,,,,,,,,,,,,,,,,,,,,1.0,,,,,,2.0
Solibaculum_mannosilyticum,15.0,21.0,2.0,56.0,5.0,7.0,2.0,2.0,10.0,21.0,10.0,5.0,29.0,1.0,3.0,3.0,20.0,21.0,19.0,12.0,2.0,43.0,12.0,5.0,43.0,68.0,1.0,9.0,,10.0,6.0,3.0,2.0,2.0,1.0,18.0,46.0
Solobacterium_moorei,,,,2.0,,,,,,,,,,,,,,,,,,,,,1.0,40.0,,,,,1.0,,1.0,,,,
Sporofaciens_musculi,,1.0,,,,,,,,,1.0,1.0,1.0,,,,3.0,,,1.0,,,,1.0,,,,,,,,,,,,1.0,
Staphylococcus_aureus,,,,,,,,,,,,,,,,,,,,,34.0,,,,,,,,,,,,,,,,
Staphylococcus_epidermidis,,,,,,,,,,,,,,,,,,,,,1876.0,,,,,,,,,,,,,,,,
Staphylococcus_hominis,,,,,,,,,,,,,,,,,,,,,41.0,,,,,,,,,,,,,,,,
Stenotrophomonas_maltophilia,,,,,,,,,,,,,,,,,,,,1.0,,,2.0,,,,,,,,,,,,,,
Stomatobaculum_sp._F0698,,,,,,,1.0,,2.0,,,,1.0,,,,,,1.0,,,,,,,,,,,,,,1.0,,,,
Streptococcus_acidominimus,,,,7.0,,,,1.0,,11.0,,,2.0,,,,,,,,,,,,,,,,,,1.0,,4.0,,,1.0,7.0
Streptococcus_agalactiae,,9.0,88.0,,,,,,,,,,,,10.0,,,,,,29.0,,26.0,,,167.0,,,,55.0,,56.0,,,,,
Streptococcus_alactolyticus,1.0,,1.0,,,,,,,,,,,,,,,,,,1.0,,,,,,,,,3.0,,5.0,,,,,
Streptococcus_anginosus,2.0,,54.0,,,,1.0,4.0,,1.0,,,,,,,,,3.0,2.0,65.0,1.0,1.0,,8.0,1060.0,,,,4.0,,,,,,2.0,
Streptococcus_australis,,,12.0,,,,,,13.0,34.0,,,,,,,,,7.0,,,2.0,10.0,,,70.0,,,,14.0,,7.0,,,2.0,82.0,
Streptococcus_canis,,,,,,,,,1.0,,,,,,,,,,,1.0,,,1.0,,,,,,,,,,,,,,2.0
Streptococcus_constellatus,,10.0,,,,,,,,,,,,,,,,3.0,,,11.0,,,,,3.0,,,,,,,,,,4.0,
Streptococcus_cristatus,1.0,,1.0,,,,,,,1.0,,,,,,1.0,,,,,,,,,,2.0,,,,1.0,,1.0,,,,,
Streptococcus_dentalis,,,102.0,,,2.0,,,,77.0,,,,,,,,4.0,7.0,,,,42.0,,,151.0,,,,110.0,,113.0,,,10.0,69.0,
Streptococcus_dysgalactiae,,,,,3.0,2.0,,,,,,,,,,,,,5.0,,,,,,,,,,,,,,,,4.0,,
Streptococcus_equi,,,,,,,,,,,,,,,,,,,1.0,,1.0,1.0,2.0,,,2.0,,,,,,2.0,,,,1.0,
Streptococcus_equinus,,,,,,,,,,,,,,,,,,1.0,,,,,,,,,,,,,,,,,,1.0,
Streptococcus_gallolyticus,,,,,,,,,,,,,,,,,,,,,,,,,,5.0,,,,,,,,,,,
Streptococcus_gordonii,,,14.0,,,,,,,9.0,,,,,,1.0,,1.0,,,1.0,,1.0,,10.0,242.0,,,1.0,7.0,,6.0,,,1.0,17.0,
Streptococcus_gwangjuense,,,,,,,,,,1.0,,,,,,,,,,,,,,,,1.0,,,,,,,,,,,
Streptococcus_ilei,,,2.0,,,,,,3.0,27.0,,,,,,,,4.0,4.0,,2.0,,8.0,,,15.0,,,,2.0,,,,,,31.0,
Streptococcus_infantarius,,,,,,,,,,,,,,,,,,,,,,,1.0,,,,,,,,,,,,,,
Streptococcus_infantis,,,,,,,,1.0,,5.0,,,,,,,,,,,,,,,,,,,,1.0,,,,,1.0,3.0,
Streptococcus_intermedius,,,,,,,,,1.0,,,,,,,,,,,,36.0,,1.0,,,6.0,,,,1.0,,,,,,1.0,
Streptococcus_koreensis,,,16.0,,,,,,,11.0,,,,,,,,,,,,,11.0,,,17.0,,,,10.0,,11.0,,,,13.0,
Streptococcus_lactarius,,,29.0,,,,,,2.0,7.0,,,,,,1.0,,1.0,,,4.0,,8.0,,,6.0,,,1.0,40.0,,25.0,,,,21.0,
Streptococcus_lingualis,,7.0,162.0,,,4.0,,,,150.0,,,,,2.0,5.0,,10.0,1.0,,3.0,,45.0,,7.0,19.0,,,,169.0,,180.0,,,12.0,224.0,
Streptococcus_lutetiensis,,,,,,,,,3.0,,3.0,,,,4.0,3.0,,3.0,,,1.0,2.0,1.0,1.0,3.0,,,,,,,,4.0,,1.0,1.0,
Streptococcus_milleri,,,,,,,,,,,,,,,,,,,,,3.0,,,,,100.0,,,,4.0,,,,,,,
Streptococcus_mitis,,,5.0,,,,,,,10.0,,,,,,,,,,,20.0,,,,,1.0,,,,2.0,,1.0,,,,5.0,
Streptococcus_mutans,25.0,7.0,343.0,,45.0,472.0,309.0,,,,,1.0,10.0,,6.0,19.0,4.0,1.0,,,4.0,,1.0,,,28.0,,7.0,,33.0,,,,,2.0,14.0,
Streptococcus_oralis,,,24.0,,,,,,1.0,7.0,,,1.0,,,,1.0,,,,12.0,1.0,,,,4.0,,,,4.0,,6.0,,,,9.0,
Streptococcus_parasanguinis,2.0,9.0,805.0,,,10.0,,3.0,7.0,1331.0,,,1.0,,16.0,36.0,3.0,10.0,33.0,,2.0,15.0,297.0,2.0,34.0,813.0,,2.0,1.0,867.0,,790.0,,,91.0,1608.0,
Streptococcus_parasuis,1.0,,1.0,2.0,,,,1.0,1.0,1.0,,,,1.0,,,,1.0,,,,,4.0,,1.0,,,,,2.0,,1.0,,,,,
Streptococcus_parauberis,,,,,1.0,,,,,,,,,,,,,,,,,,,,,,,,,,,,,,2.0,,
Streptococcus_pasteurianus,,,7.0,,,,10.0,,,6.0,,9.0,6.0,3.0,7.0,,5.0,,,,20.0,61.0,6.0,,48.0,7.0,,4.0,11.0,,,7.0,,,,,10.0
Streptococcus_periodonticum,,,,,,,,,,2.0,,,,,,,,,,,,,,,,21.0,,,,,,,,,,,
Streptococcus_phage_PH15,,,,,,,,,,,,,,,,,,,,,,,,,,2.0,,,,,,,,,,,
Streptococcus_phage_YMC-2011,,,1.0,,,,,,,,,,,,,,,,1.0,,2.0,,,,,,,,,5.0,,,,,,,
Streptococcus_pluranimalium,,,,,,,,,,,,,,,,,,,1.0,,5.0,,,,,,,,,,,,,,,,
Streptococcus_pneumoniae,14.0,14.0,1.0,1.0,,2.0,3.0,,,6.0,20.0,9.0,14.0,6.0,21.0,22.0,9.0,20.0,19.0,2.0,22.0,2.0,,7.0,3.0,9.0,,,,1.0,,1.0,6.0,,,11.0,13.0
Streptococcus_porcinus,,,,,,,,,,,,,,,,,,,,,,,,,,,,,,,,,,,,,1.0
Streptococcus_pseudopneumoniae,,,2.0,,,,,,,,,,,,,,,,,,,,,,,,,,,,,,,,,,
Streptococcus_pseudoporcinus,,,,,,,,,,,,,,,,,,,,,,,,,,1.0,,,,,,,,,,,
Streptococcus_pyogenes,,,,,,,,,,,,,,,,,,,,,1.0,,,,1.0,1.0,,,,,,,,,,,
Streptococcus_rubneri,,,,,,,,,2.0,1.0,,,,,,,,,,,,,,,,16.0,,,,,,,,,,13.0,
Streptococcus_ruminantium,,,,,,,,,,,,,,,,,,,,,,,,,,2.0,,,,,,,,,,,
Streptococcus_ruminicola,,,,,,,3.0,,,,,,,,,,,,,,,,2.0,,,,,,,,,2.0,,,,,
Streptococcus_salivarius,35.0,4.0,1833.0,2.0,,6.0,34.0,666.0,,1591.0,,,5.0,,25.0,163.0,3.0,54.0,166.0,4.0,121.0,31.0,941.0,,657.0,960.0,,1.0,245.0,2089.0,,1677.0,,,75.0,960.0,1.0
Streptococcus_sanguinis,,,6.0,,,,,,,1.0,,,,,,,,,,,,,1.0,,1.0,16.0,,,,4.0,,2.0,,,1.0,45.0,
Streptococcus_sobrinus,,,246.0,,,,,,,,,,,,,,,,,,,,,,,,,,,106.0,,4.0,,,,,
Streptococcus_sp._116-D4,,,,,,,,,,,,,,,,,,,,,,,,,,,,,,1.0,,1.0,,,,,
Streptococcus_sp._1643,,,,,,,,,3.0,,,,,,,,,,,,,,,,,,,,,,,,,,,2.0,
Streptococcus_sp._A12,,,4.0,,,,,,24.0,91.0,,,,,,,,2.0,9.0,,,1.0,7.0,,,172.0,,,,5.0,,2.0,,,1.0,68.0,
Streptococcus_sp._CP1998,,5.0,48.0,,,1.0,,,,81.0,,,,,,,2.0,,,,,3.0,29.0,,5.0,117.0,,,,57.0,,58.0,,,3.0,91.0,
Streptococcus_sp._DTU_2020_1000888_1_SI_GRL_NUU_041A,,,,,,,,,,,,,,,,,,,,,,,2.0,,,2.0,,,,,,,,,,5.0,
Streptococcus_sp._DTU_2020_1001019_1_SI_AUS_MUR_006,,,,,,,,,,,,,,,,,,,,,,,,,,,,,,,,,,,,1.0,
Streptococcus_sp._FDAARGOS_192,,,58.0,,,,,18.0,,13.0,,,,,,26.0,,3.0,3.0,,13.0,3.0,57.0,,14.0,35.0,,,9.0,39.0,,45.0,,,4.0,110.0,1.0
Streptococcus_sp._FDAARGOS_522,,,,,,,,,,71.0,,,,,,,,,,,,,,,,,,,65.0,85.0,,,,,,,
Streptococcus_sp._FSL_K6-1323,,,,,,,,63.0,,568.0,,,,,,,,,,,,6.0,,,23.0,8.0,,,,16.0,,8.0,,,,16.0,
Streptococcus_sp._FSL_R7-0248,,,182.0,,,,2.0,9.0,5.0,13.0,,,,,,5.0,,16.0,29.0,,,,52.0,,7.0,20.0,,,22.0,179.0,,161.0,,,4.0,8.0,
Streptococcus_sp._FSL_W7-1342,,,43.0,,,,,247.0,,148.0,,,,,,15.0,,,,,,,17.0,,1007.0,,,,8.0,32.0,,33.0,,,,,
Streptococcus_sp._HSISS2,,,200.0,,,1.0,,2.0,,13.0,,,,,,,,,2.0,,2.0,,6.0,,212.0,2.0,,,,111.0,,37.0,,,54.0,14.0,
Streptococcus_sp._HSISS3,,,165.0,,,,,,,26.0,,,,,,5.0,1.0,,2.0,,4.0,5.0,6.0,,379.0,9.0,,,6.0,58.0,,73.0,,,123.0,9.0,
Streptococcus_sp._KHUD_010,,,38.0,,,,,,,,,,,,,,,,,,1409.0,,,,,68.0,,,,,,,,,,,
Streptococcus_sp._KS_6,,,,,,,,,,,,,,,,,,,,,170.0,,,,,66.0,,,,,,,,,,,
Streptococcus_sp._LPB0220,,,188.0,,,2.0,,,,88.0,,,,,4.0,2.0,,4.0,3.0,,11.0,1.0,40.0,,3.0,47.0,,,1.0,215.0,,196.0,,,19.0,256.0,
Streptococcus_sp._Marseille-Q3533,,,,,,,,,,6.0,,,,,,,,,,,,,,,,,,,,,,,,,,1.0,
Streptococcus_sp._Marseille-Q6470,,,,,,,,,,4.0,,,,,,,,,,,,,,,,3.0,,,,,,,,,,4.0,
Streptococcus_sp._NPS_308,,,,,,,,,,,,,,,,,,,,,,,,,,,,,,1.0,,,,,,,
Streptococcus_sp._NSJ-72,,,,,,,,,,,,,,,,,,,,,,,,,,6.0,,,,,,,,,,19.0,
Streptococcus_sp._SN-1,,,,,,,,,,,,,,,,,,,,,1.0,,,,,,,,,,,,,,,1.0,
Streptococcus_sp._ZY1909104,,,3.0,,,,,,,,,,,,,,,,,,,,,,6.0,3.0,,,,7.0,,,,,,,
Streptococcus_sp._ZY19097,,,3.0,,,,,,,,,,,,,,,,,,2.0,,2.0,,,,,,,2.0,,,,,,,
Streptococcus_sp._oral_taxon_061,,,,,,,,,,5.0,,,,,,,,,,,,,,,,1.0,,,,,,,,,,1.0,
Streptococcus_sp._oral_taxon_431,,,2.0,,,,,,,1.0,,,,,,,,,,,,,,,,,,,2.0,1.0,,1.0,,,,7.0,
Streptococcus_suis,8.0,10.0,19.0,5.0,,,13.0,22.0,38.0,40.0,2.0,1.0,8.0,1.0,30.0,7.0,18.0,1.0,19.0,3.0,3.0,29.0,60.0,16.0,9.0,2.0,,5.0,,33.0,,26.0,3.0,,48.0,1.0,2.0
Streptococcus_thermophilus,561.0,843.0,90.0,10.0,285.0,1820.0,469.0,16.0,13.0,84.0,21.0,2.0,299.0,1.0,227.0,29.0,856.0,69.0,201.0,11.0,411.0,194.0,1314.0,11.0,15.0,1650.0,17.0,1062.0,8.0,1251.0,,1565.0,11.0,,45.0,292.0,3.0
Streptococcus_toyakuensis,,,1.0,,,,,,,1.0,,,,,,,,,,,7.0,,,,,,,,,1.0,,,,,,,
Streptococcus_troglodytae,,,,,,,1.0,,,,,,,,,,,,,,,,,,,,,,,,,,,,,,
Streptococcus_uberis,,,,,,,,,,,,,,,,,,,,,,,,,,1.0,,,,,,,,,,,
Streptococcus_vestibularis,18.0,26.0,1365.0,,,2.0,2.0,1.0,,3.0,2.0,,6.0,1.0,46.0,107.0,19.0,17.0,46.0,7.0,1208.0,,2.0,8.0,36.0,1988.0,,,,1479.0,,27.0,6.0,,8.0,6.0,
Streptomyces_sp._T12,,,,3.0,,,,,,3.0,1.0,,,,,1.0,1.0,,2.0,3.0,,,1.0,,4.0,,,,,,,,,,,,
Stutzerimonas_stutzeri,,,5.0,,,,,,,,,,,,,,,,,,,,,,,,,,,,,,,,,,
Subdoligranulum_variabile,72.0,37.0,,58.0,11.0,10.0,10.0,41.0,11.0,60.0,61.0,42.0,43.0,49.0,59.0,64.0,60.0,73.0,51.0,26.0,48.0,79.0,100.0,31.0,161.0,2.0,,25.0,,,,4.0,40.0,,,107.0,68.0
Suspvirus_SUSP2,,,,,,,,,,,,,,,,,,,,,,,,,,,,,1.0,,,,,,,,
Sutterella_faecalis,,,,,,,,,,,,,,,,,,,,,,,,,,,,,,,,,,,,,7.0
Sutterella_megalosphaeroides,,,,3.0,,,,,,,,,,,,,,,,,,,,,4.0,,,,,,,,,,,,82.0
Sutterella_wadsworthensis,,,,,,,,,,,,,,,,,,,,,,,,,,,,,,,,,,,,15.0,19.0
Syntrophobotulus_glycolicus,,,,,,,,,,,,,,,,,,,1.0,,,,,,,,,,,,,,,,,,
Tannerella_forsythia,,,,,,1.0,,,,,,,,,,,,,,,,,2.0,,,,,,,,,,,,,1.0,
Taranisvirus_taranis,,,,2.0,,,,,,22.0,,,,,,,,,,,,,5.0,,,,,,,,1.0,,,,,4.0,21.0
Terrisporobacter_glycolicus,,,552.0,,,,,,,,,,,,,,,,,,159.0,8.0,,,57.0,,,26.0,,276.0,,88.0,,,,,
Terrisporobacter_hibernicus,,,,,,,,,,,,,,,,,,,,,81.0,,,,,,,,,,,,,,,,
Terrisporobacter_mayombei,,,259.0,,,,,,,,,,,,,,,,,,71.0,36.0,,,86.0,,,31.0,,198.0,,44.0,,,,,
Terrisporobacter_petrolearius,1.0,,527.0,,,1.0,,,1.0,,,,,,,1.0,3.0,3.0,,,215.0,52.0,,,102.0,,,84.0,,337.0,,121.0,,,,,
Terrisporobacter_vanillatitrophus,,,,,,,,,,,,,,,,,,,,,,,,,,,,7.0,,,,,,,,,
Thermoanaerobacter_sp._X514,,,,,,,1.0,,,,,,,,,,,,,,,,,,,,,,,,,,,,,,1.0
Thermocaproicibacter_melissae,,,,,,,8.0,,,,,1.0,,,,,,,,,,,,,,,,,,,,,,,,,
Thermophilibacter_immobilis,,,,,,,,,,,,,,,,,,,,,,,,,4.0,,,,,,,,,,,,
Thermophilibacter_mediterraneus,,,,,,,,2.0,,,,,,,,,,,,,,1.0,,,139.0,,,,,,,,,,,,
Thomasclavelia_ramosa,,7.0,2.0,12.0,3320.0,2518.0,3301.0,1364.0,3197.0,4.0,4.0,1.0,14.0,4.0,7.0,5.0,6.0,54.0,4.0,697.0,881.0,3646.0,18.0,,14.0,3271.0,2813.0,32.0,,3.0,3.0,14.0,1.0,,1761.0,10.0,3168.0
Thomasclavelia_spiroformis,,4.0,,,2.0,6.0,33.0,,227.0,75.0,,,,,,,,323.0,3.0,30.0,,83.0,19.0,,,2.0,1289.0,7.0,,,,,,,,128.0,1.0
Tissierella_sp._MB52-C2,,,1.0,,,,,,,,,,,,,,,,,,,,,,,,,,,,,,,,,,
Toutatisvirus_toutatis,,,,,,,,,,,,,,,,,3.0,,,,,,,3.0,8.0,,,,,,,,,,,,
Trabulsiella_odontotermitis,,,,,,,2.0,,,,,,,,,,,,,,,,,,,,,,,3.0,,2.0,,,,,
Treponema_denticola,5.0,,,,,2.0,,,,,3.0,7.0,,4.0,2.0,,,,,2.0,4.0,,2.0,,3.0,,,,,,,,1.0,,,2.0,
Treponema_pedis,,,,,,,,,,,,,,,,,,,,,,,,,,1.0,,,,,,2.0,,,,,
Treponema_peruense,3.0,3.0,,2.0,,,,2.0,,,5.0,4.0,2.0,3.0,1.0,5.0,8.0,,4.0,3.0,,,,,5.0,,,,,,3.0,1.0,1.0,,,1.0,1.0
Treponema_phagedenis,,,,1.0,,,,5.0,,,,,,,,,,1.0,,,1.0,,,,,,,,,,,,,,,,
Treponema_putidum,3.0,,,,,,,,,,,2.0,,1.0,,,,,,,,,,,1.0,,,,,,,,,,,3.0,
Treponema_sp._OMZ_788,,,,,,,1.0,,,,,,,,,,,,,,,,,,,,,,,,,,,,,,
Treponema_vincentii,,4.0,,,,,,,,,,,,,,,,,,,,,,,,,,,,,,,,,,,
Trichococcus_flocculiformis,,,,,,,,,,,,,,,,,,,,,,,2.0,,,,,,,,,,,,,,
Trueperella_pyogenes,,,,2.0,,,1.0,,,,,,,,,,,,,,,1.0,,,1.0,,,,,,,,,,,,1.0
Turicibacter_bilis,1.0,,,53.0,19.0,67.0,1.0,,,,1.0,,,,,1.0,1.0,9.0,7.0,,7.0,1375.0,1.0,1.0,10.0,534.0,1.0,,,,,,,,,,1.0
Turicibacter_sanguinis,1.0,20.0,,,96.0,1.0,10.0,,,2.0,204.0,88.0,2.0,4.0,73.0,13.0,2.0,,4.0,3.0,43.0,2546.0,,,,27.0,,,,,,,,,,,
Turicibacter_sp._H121,,,,8.0,,,,,,,,,,,,,,,,,,84.0,,,,98.0,,,,,,2.0,,,,,
Turicibacter_sp._TJ11,,,,,,9.0,,,,,,,,,,1.0,,,,,,13.0,,,1.0,2.0,,,,,,,,,,,
Turicimonas_muris,25.0,16.0,,,,,,20.0,,7.0,17.0,25.0,18.0,6.0,,8.0,19.0,,,18.0,,,22.0,9.0,,,,,,,,,,,,,
Vaginimicrobium_propionicum,,,,,,,,,1.0,,1.0,,,1.0,,1.0,,,,,,,,,,,,,,,,,,,,,
Vagococcus_fluvialis,,,,,,,,,,,,,,,,,,,,,,,,,,,,,,2.0,,1.0,,,,,
Veillonella_atypica,,,1692.0,,,,,,,6.0,,,,,,,,,,,,,2.0,,4.0,,,,,63.0,,1511.0,,,981.0,,
Veillonella_dispar,,,34.0,,,,,,,,,,,,,,,,,,,,1.0,,2.0,,,,,,,47.0,,,103.0,,
Veillonella_nakazawae,,,57.0,,,,,,,1.0,,,,,,,,,,,,,11.0,,2.0,,,,,,,41.0,,,57.0,,
Veillonella_orientalis,,,18.0,,,,,,,,,,,,,,,,,,,,,,,,,,,2.0,,13.0,,,22.0,,
Veillonella_parvula,,,1113.0,,1.0,,2.0,,,1.0,,,,,,,,,,,,3.0,,,52.0,,,1.0,,82.0,,449.0,,,2112.0,,
Veillonella_rodentium,,,5.0,,,,,,,,,,,,,,,,,,,7.0,,,,1.0,,,,,,6.0,,,6.0,,
Veillonella_rogosae,,,24.0,,,,,,1.0,2.0,,,,,,,,,,,,,1.0,,1.0,3.0,,,,,,19.0,,,32.0,,
Vescimonas_coprocola,342.0,201.0,9.0,131.0,,4.0,2.0,25.0,8.0,683.0,1302.0,2246.0,310.0,2464.0,2522.0,1348.0,189.0,353.0,242.0,434.0,4.0,35.0,2134.0,551.0,228.0,218.0,,9.0,2.0,2.0,69.0,20.0,1484.0,24.0,6.0,740.0,206.0
Vescimonas_fastidiosa,67.0,95.0,,151.0,5.0,2.0,,29.0,8.0,87.0,112.0,128.0,108.0,107.0,78.0,90.0,93.0,59.0,59.0,59.0,,6.0,616.0,59.0,180.0,2.0,,,,,144.0,1.0,100.0,41.0,,65.0,144.0
Vibrio_alginolyticus,,,8.0,,,,,,,,,,,,,,,,,,,,,,,,,,1.0,18.0,,10.0,,,,,
Vibrio_parahaemolyticus,,,,,,,,,,,,,,,,,,,,,,,,,,,,,,1.0,,,,,,,
Vibrio_penaeicida,,,,,,,,,,,,,,,,,,,,,,,,,,,,,,1.0,,1.0,,,,,
Vibrio_zhugei,,,1.0,,,,,,,,,,,,,,,,,,,,,,,,,,,,,1.0,,,,,
Wansuia_hejianensis,11.0,97.0,3.0,34.0,67.0,32.0,2046.0,41.0,15.0,11.0,16.0,8.0,41.0,1.0,53.0,50.0,69.0,46.0,77.0,7.0,9.0,40.0,15.0,24.0,15.0,11.0,,215.0,2.0,5.0,,7.0,53.0,,4.0,2.0,50.0
Weissella_cibaria,,,,,,,,,,,,,,,,1.0,,,,,18.0,,6.0,,,3.0,,,,,,,,,,,
Wujia_chipingensis,10.0,2.0,3.0,9.0,1.0,,3.0,,2.0,10.0,7.0,4.0,6.0,8.0,11.0,3.0,1.0,10.0,3.0,7.0,2.0,1.0,17.0,6.0,105.0,,,,,,1.0,2.0,5.0,,1.0,8.0,8.0
Xanthomonas_albilineans,,,,,,,,,,,,,,,,,,,,,,,1.0,,,,,,,,,,,,,,
Xiamenia_xianingshaonis,,,,,,1.0,,,,,,,,,,,,,,,,,,,,,,,,,,,,,,1.0,
Yersinia_enterocolitica,,,,,,,,,,,,,,,,,,,,,,,,,,,,,,,,1.0,,,,,
Yersinia_intermedia,,,,,,,,,,,,,,,,,,,,,,,,,,,,,,2.0,,1.0,,,,,
[Clostridium]_hylemonae,8.0,6.0,,4.0,2.0,3.0,1.0,2.0,2.0,,5.0,8.0,11.0,5.0,9.0,2.0,5.0,8.0,,5.0,11.0,229.0,3.0,3.0,9.0,2.0,,5.0,,,,,4.0,,1.0,6.0,25.0
[Clostridium]_scindens,84.0,167.0,17.0,2950.0,418.0,4414.0,128.0,266.0,828.0,201.0,84.0,111.0,135.0,92.0,95.0,59.0,124.0,257.0,108.0,96.0,63.0,3276.0,175.0,94.0,159.0,1996.0,25.0,3672.0,8.0,35.0,126.0,2573.0,101.0,5.0,3630.0,164.0,181.0
[Clostridium]_symbiosum,83.0,425.0,31.0,5.0,2.0,59.0,72.0,21.0,728.0,28.0,16.0,12.0,157.0,4.0,74.0,21.0,174.0,2619.0,1263.0,4073.0,241.0,450.0,4.0,267.0,3.0,8.0,3738.0,5032.0,,4.0,22.0,12.0,96.0,7.0,10.0,1.0,87.0
[Ruminococcus]_lactaris,16.0,17.0,9.0,29.0,2.0,8.0,2.0,2207.0,8.0,44.0,28.0,28.0,15.0,15.0,30.0,30.0,18.0,26.0,11.0,20.0,26.0,20.0,1034.0,17.0,59.0,8.0,3.0,14.0,20.0,17.0,8.0,47.0,14.0,,10.0,40.0,31.0
[Ruminococcus]_torques,2774.0,2833.0,8.0,1099.0,198.0,1382.0,23.0,4592.0,268.0,3315.0,2599.0,3213.0,668.0,1625.0,3972.0,4496.0,2638.0,3000.0,755.0,2593.0,331.0,2921.0,1562.0,3303.0,4261.0,79.0,,405.0,19.0,13.0,749.0,34.0,1424.0,1.0,59.0,2442.0,1017.0
uncultured_Alistipes_sp.,1.0,1.0,,7.0,,,,16.0,,,2.0,2.0,2.0,6.0,7.0,5.0,1.0,,,34.0,1.0,,11.0,6.0,105.0,,,,,,4.0,,2.0,1.0,,36.0,20.0
uncultured_Bacteroides_sp.,1.0,,,,,,,,,1.0,,,,,,,,,,,,,,,,,,,,,,,,,,,
uncultured_Caproiciproducens_sp.,,,,,,,,,,,,,,,,,,,,,,3.0,,,,,,,,,,,,,,,
uncultured_Mailhella_sp.,,,,11.0,,,,,,9.0,,,,,,,,,,,,,,,,,,3.0,,,,,,,,,12.0
uncultured_Subdoligranulum_sp.,48.0,41.0,,47.0,7.0,4.0,6.0,45.0,,32.0,40.0,59.0,37.0,70.0,100.0,60.0,73.0,29.0,49.0,30.0,34.0,92.0,58.0,29.0,61.0,,,20.0,,1.0,,,49.0,,,71.0,10.0
unidentified_bacterial_endosymbiont,,,1.0,,,,,,,,,,,,,,,,,,,,,,,,,,,,,,,,,,
